CASENUM,VEH_NO,TRAILER_NO,VehicleDescriptor,VINDecodedOn,VINDecodeError,VehicleTypeId,VehicleType,ManufacturerFullNameId,ManufacturerFullName,MakeId,Make,ModelId,Model,ModelYear,Series,Trim,PlantCountryId,PlantCountry,PlantState,PlantCity,PlantCompanyName,Note,BodyClassId,BodyClass,GrossVehicleWeightRatingFromId,GrossVehicleWeightRatingFrom,GrossVehicleWeightRatingToId,GrossVehicleWeightRatingTo,TrailerBodyTypeId,TrailerBodyType,TrailerTypeConnectionId,TrailerTypeConnection,TrailerLengthFT,OtherTrailerInfo,AxlesCount,AxleConfigurationId,AxleConfiguration
201901183399,1,1,1JJV532D*LB******,2021-12-20 09:14:15,1,6,TRAILER,14508,WABASH NATIONAL CORPORATION,4847,WABASH NATIONAL CORPORATION,10942,Dry Van Duraplate,2020,,,,,,,Co. Owned Service Center (Factory Branch),,61,Trailer,,,,,36,Van Trailer,,,53.000,,2,,
201901187745,2,1,55YBE101*FN******,2021-12-20 09:14:15,1,6,TRAILER,1235,CYNERGY CARGO LLC,661,CYNERGY CARGO,3736,Cynergy Cargo,2015,,,6,UNITED STATES (USA),GEORGIA,NASHVILLE,,,61,Trailer,,,,,5,Enclosed Trailer,1,Ball Type Pull,10.000,,1,,
201901207285,1,1,48X1F382*41******,2021-12-20 09:14:15,0,6,TRAILER,10839,"TRAVIS BODY & TRAILER, INC.",3520,"TRAVIS BODY & TRAILER, INC.",7868,"TRAVIS BODY & TRAILER, INC.",2004,,,6,UNITED STATES (USA),TEXAS,HOUSTON,,,61,Trailer,,,,,4,Dump Trailer/Dumping Trailer,30,Other,38.000,Tumer ARx43,2,,
201901207317,2,1,1UYVS253*J7******,2021-12-20 09:14:15,0,6,TRAILER,10289,UTILITY TRAILER MANUFACTURING COMPANY,10138,UTILITY TRAILER MANUFACTURER,26222,Utility Trailer Manufacturer,2018,,,6,UNITED STATES (USA),VIRGINIA,GLADE SPRING,,,61,Trailer,,,,,36,Van Trailer,4,Straight Semi/Semi Trailer,53.000,,2,,
201901210945,1,1,1GRAA062*FW******,2021-12-20 09:14:15,0,6,TRAILER,1073,GREAT DANE TRAILERS,520,GREAT DANE TRAILERS,13436,Great Dane Trailers,2015,,,6,UNITED STATES (USA),NEBRASKA,WAYNE,,,61,Trailer,,,,,,,4,Straight Semi/Semi Trailer,53.000,Dry Freight Van / Reefer Van / Insulated Van,2,,
201901214786,2,1,2DM11CA4*BB******,2021-12-20 09:14:15,0,6,TRAILER,11199,DI-MOND TRAILERS INC.,1370,"DI-MOND TRAILERS, INC.",4712,"Di-Mond Trailers, Inc.",2011,,,1,CANADA,ONTARIO,BURLINGTON,,Trailer Width: 96 inches,61,Trailer,,,,,46,Chassis,,,53.000,Container Chassis Tunnel Type,2,3,Tandem
201901225540,1,1,5JYLT422*HP******,2021-12-20 09:14:15,0,6,TRAILER,2290,PITTS ENTERPRISES INC,2831,PITTS TRAILERS,6775,Pitts Trailers,2017,,,6,UNITED STATES (USA),ALABAMA,PITTSVIEW,,,61,Trailer,,,,,,,4,Straight Semi/Semi Trailer,42.000,,2,,
201901231821,1,1,1GRAA962*TB******,2021-12-20 09:14:15,0,6,TRAILER,1073,GREAT DANE TRAILERS,520,GREAT DANE TRAILERS,13436,Great Dane Trailers,1996,,,6,UNITED STATES (USA),INDIANA,BRAZIL,,,61,Trailer,,,,,36,Van Trailer,4,Straight Semi/Semi Trailer,48.000,Trailer Type = Dry Freight/ Reefer/ Insulated Van,2,,
201901233159,2,1,1JJV532D*JL******,2021-12-20 09:14:16,0,6,TRAILER,14508,WABASH NATIONAL CORPORATION,4847,WABASH NATIONAL CORPORATION,10942,Dry Van Duraplate,2018,,,6,UNITED STATES (USA),INDIANA,LAFAYETTE,,,61,Trailer,,,,,36,Van Trailer,,,53.000,,2,,
201901237625,1,1,1WF200D1*83******,2021-12-20 09:14:16,0,6,TRAILER,16014,"UNIVERSAL TRAILER CARGO GROUP, INC.",6062,WELLS CARGO,15857,Wells Cargo Trailer,2008,,,6,UNITED STATES (USA),GEORGIA,,,,61,Trailer,,,,,5,Enclosed Trailer,,,,10 to less than 12 ft,1,,
201901240129,1,1,1W9PH412*DM350***,2021-12-20 09:14:16,0,6,TRAILER,11452,WESTMOR INDUSTRIES,3806,WESTMOR INDUSTRIES,8296,Westmor Industries,2013,10501-11000 gallons,,6,UNITED STATES (USA),MINNESOTA,MORRIS,,,61,Trailer,,,,,160,Cargo Trailer,,,41.000,Cargo Tank,2,,
201901240941,1,1,1S12E953*FE******,2021-12-20 09:14:16,0,6,TRAILER,14956,"STRICK TRAILERS, LLC",4977,STRICK COMMERCIAL TRAILER,12176,Strick Commercial Trailer,2015,Smooth Side,,6,UNITED STATES (USA),,MONROE,,,61,Trailer,,,,,,,,,53.000,Semi-Trailer/Dry Freight Van,2,3,Tandem
201901242669,1,1,1GRAA962*YB******,2021-12-20 09:14:16,0,6,TRAILER,1073,GREAT DANE TRAILERS,520,GREAT DANE TRAILERS,13436,Great Dane Trailers,2000,,,6,UNITED STATES (USA),INDIANA,BRAZIL,,,61,Trailer,,,,,36,Van Trailer,4,Straight Semi/Semi Trailer,48.000,Trailer Type = Dry Freight/ Reefer/ Insulated Van,2,,
201901247231,2,1,5V8VA532*KM******,2021-12-20 09:14:16,1,6,TRAILER,16522,VANGUARD NATIONAL TRAILER CORPORATION (VNTC),6474,VANGUARD NATIONAL TRAILER CORPORATION (VNTC),17782,VANGUARD NATIONAL TRAILER CORPORATION (VNTC),2019,,,6,UNITED STATES (USA),INDIANA,MONON,,,61,Trailer,,,,,,,,,53.000,Interior Post Aluminum Semi Trailer,2,3,Tandem
201901248886,3,1,1GRAA062*XB******,2021-12-20 09:14:16,0,6,TRAILER,1073,GREAT DANE TRAILERS,520,GREAT DANE TRAILERS,13436,Great Dane Trailers,1999,,,6,UNITED STATES (USA),INDIANA,BRAZIL,,,61,Trailer,,,,,36,Van Trailer,4,Straight Semi/Semi Trailer,53.000,Trailer Type = Dry Freight/ Reefer/ Insulated Van,2,,
201901248886,4,1,5V8VC532*AM******,2021-12-20 09:14:16,0,6,TRAILER,16522,VANGUARD NATIONAL TRAILER CORPORATION (VNTC),6474,VANGUARD NATIONAL TRAILER CORPORATION (VNTC),17782,VANGUARD NATIONAL TRAILER CORPORATION (VNTC),2010,,,6,UNITED STATES (USA),INDIANA,MONON,,,61,Trailer,,,,,,,,,53.000,Dry Freight Van,2,3,Tandem
201901248892,2,1,5JYLP402*GP******,2021-12-20 09:14:16,0,6,TRAILER,2290,PITTS ENTERPRISES INC,2831,PITTS TRAILERS,6775,Pitts Trailers,2016,,,6,UNITED STATES (USA),ALABAMA,PITTSVIEW,,,61,Trailer,,,,,19,Logging Trailer,,,40.000,Trailer Type: Plantation,2,,
201901251698,1,1,1UYVS253*H2******,2021-12-20 09:14:16,0,6,TRAILER,10289,UTILITY TRAILER MANUFACTURING COMPANY,10138,UTILITY TRAILER MANUFACTURER,26222,Utility Trailer Manufacturer,2017,,,6,UNITED STATES (USA),UTAH,CLEARFIELD,,,61,Trailer,,,,,36,Van Trailer,4,Straight Semi/Semi Trailer,53.000,,2,,
201901251700,1,1,1UYVS253*K3******,2021-12-20 09:14:16,0,6,TRAILER,10289,UTILITY TRAILER MANUFACTURING COMPANY,10138,UTILITY TRAILER MANUFACTURER,26222,Utility Trailer Manufacturer,2019,,,6,UNITED STATES (USA),ARKANSAS,PARAGOULD,,,61,Trailer,,,,,36,Van Trailer,4,Straight Semi/Semi Trailer,53.000,,2,,
201901252101,2,1,LJRC4126*H1******,2021-12-20 09:14:16,0,6,TRAILER,9950,"CIMC VEHICLES GROUP CO., LTD.",4101,CIMC VEHICLES GROUP CO,8811,CIMC VEHICLES GROUP CO,2017,,,8,CHINA,,SHENZHEN,,"GVWR = 30,000-34,990kg",61,Trailer,9,"Class 8: 33,001 lb and above (14,969 kg and above)",,,109,Container Chassis/Container Trailer,,,41.000,,2,,
201901253218,1,1,1JJV532W*6L******,2021-12-20 09:14:16,0,6,TRAILER,14508,WABASH NATIONAL CORPORATION,4847,WABASH NATIONAL CORPORATION,13327,Wabash National Corporation,2006,,,6,UNITED STATES (USA),INDIANA,LAFAYETTE,,,61,Trailer,,,,,36,Van Trailer,,,53.000,,2,,
201901255443,2,1,LJRC4126*71******,2021-12-20 09:14:16,0,6,TRAILER,9950,"CIMC VEHICLES GROUP CO., LTD.",4101,CIMC VEHICLES GROUP CO,8811,CIMC VEHICLES GROUP CO,2007,,,8,CHINA,,SHENZHEN,,"GVWR = 30,000-34,990kg",61,Trailer,9,"Class 8: 33,001 lb and above (14,969 kg and above)",,,109,Container Chassis/Container Trailer,,,41.000,,2,,
201901259865,1,1,1JJV281W*7L******,2021-12-20 09:14:17,0,6,TRAILER,14508,WABASH NATIONAL CORPORATION,4847,WABASH NATIONAL CORPORATION,13327,Wabash National Corporation,2007,,,6,UNITED STATES (USA),INDIANA,LAFAYETTE,,,61,Trailer,,,,,36,Van Trailer,,,28.000,,1,,
201901260099,6,1,3H3V532C*JR******,2021-12-20 09:14:17,0,6,TRAILER,14282,"HYUNDAI DE MEXICO, S.A. DE C.V.",4876,HYUNDAI TRANSLEAD TRAILERS,11496,Hyundai Translead Trailers,2018,,,12,MEXICO,BAJA CALIFORNIA,ROSARITO,,,61,Trailer,,,,,36,Van Trailer,,,53.000,Material: Aluminum/Steel,2,,
201901266657,2,1,4LF4S563*W3******,2021-12-20 09:14:17,0,6,TRAILER,13015,FONTAINE SPECIALIZED,7461,FONTAINE SPECIALIZED INC,19891,Fontaine Specialized Inc,1998,,,6,UNITED STATES (USA),ALABAMA,SPRINGVILLE,,"Gooseneck, non-ground-bearing",61,Trailer,,,,,101,Other,,,56.000,Lowbed or Drop Deck Trailer,3,,
201901270397,2,1,4HAPA251*GM******,2021-12-20 09:14:17,0,6,TRAILER,5719,"ALTEC INDUSTRIES, INC.",4925,"ALTEC INDUSTRIES, INC.",12030,"Altec Industries, Inc.",2016,,,6,UNITED STATES (USA),NORTH CAROLINA,MOUNT AIRY,,,61,Trailer,,,,,16,Utility Trailer,2,Pintle Hitch/Hook,25.000,,1,,
201901274648,2,1,1PMKD442*K1******,2021-12-20 09:14:17,0,6,TRAILER,6179,"POLAR TANK TRAILER, LLC",2921,POLAR TANK TRAILER,6874,Polar Tank Trailer,2019,AL 307/407,,6,UNITED STATES (USA),MINNESOTA,OPOLE,,,61,Trailer,,,,,15,Tank Trailer,4,Straight Semi/Semi Trailer,44.000,,2,,
201901277135,1,1,5MC42401*G3******,2021-12-20 09:14:17,0,6,TRAILER,5772,"MANAC TRAILERS USA, INC.",3896,MANAC TRAILERS USA,8528,Manac,2016,,,6,UNITED STATES (USA),MISSOURI,ORAN,"Manac Trailers USA, Inc.",,61,Trailer,,,,,4,Dump Trailer/Dumping Trailer,4,Straight Semi/Semi Trailer,40.000,Kingpin,2,,
201901277195,1,1,1TTF532C*E3******,2021-12-20 09:14:17,0,6,TRAILER,8231,TRANSCRAFT CORPORATION,10511,TRANSCRAFT,27663,Combo Steel/Alum Flatbed,2014,,,6,UNITED STATES (USA),KENTUCKY,CADIZ,,,61,Trailer,,,,,6,Flat Bed Trailer/Platform Trailer,6,Kingpin,53.000,,2,,
201901277663,1,1,1JJV281F*XF******,2021-12-20 09:14:17,0,6,TRAILER,14508,WABASH NATIONAL CORPORATION,4963,FRUEHUAF,12125,Fruehuaf,1999,,,6,UNITED STATES (USA),IOWA,FORT MADISON,,,61,Trailer,,,,,36,Van Trailer,,,28.000,,1,,
201901281482,1,1,1VRY151Z*K1******,2021-12-20 09:14:17,0,6,TRAILER,10796,VERMEER MANUFACTURING COMPANY,3374,VERMEER,29526,BC1800XL,2019,,,6,UNITED STATES (USA),IOWA,PELLA,Vermeer Freeman Manufacturing Company,,61,Trailer,,,,,,,,,15.000,Body Type - Brush Chipper,1,,
201901283504,2,1,5HTSP412*29******,2021-12-20 09:14:17,0,6,TRAILER,5564,"HEIL TRAILER INTERNATIONAL, CO",2365,"HEIL TRAILER INTERNATIONAL, CO.",6142,"Heil Trailer International, Co.",2002,,,6,UNITED STATES (USA),PENNSYLVANIA,LANCASTER,,Body Shape: Flo,61,Trailer,,,,,103,Bulk,,,41.000,Al Pneumatic,2,,
201901292026,2,1,1JJV281D*AL******,2021-12-20 09:14:17,0,6,TRAILER,14508,WABASH NATIONAL CORPORATION,4847,WABASH NATIONAL CORPORATION,10942,Dry Van Duraplate,2010,,,6,UNITED STATES (USA),INDIANA,LAFAYETTE,,,61,Trailer,,,,,36,Van Trailer,,,28.000,,1,,
201901292026,2,2,1NNVA281*YM******,2021-12-20 09:14:17,0,6,TRAILER,15472,EVANS PRODUCTS COMPANY,6021,MONON,29523,Monon,2000,,,6,UNITED STATES (USA),INDIANA,MONON,,,61,Trailer,,,,,101,Other,,,28.000,Smooth Side Aluminum,1,,
201901292986,1,1,1GRAA062*GK******,2021-12-20 09:14:17,0,6,TRAILER,1073,GREAT DANE TRAILERS,520,GREAT DANE TRAILERS,13436,Great Dane Trailers,2016,,,6,UNITED STATES (USA),ILLINOIS,KEWANEE,,,61,Trailer,,,,,,,4,Straight Semi/Semi Trailer,53.000,Dry Freight Van / Reefer Van / Insulated Van,2,,
201901294544,2,1,1RNF48A2*ER******,2021-12-20 09:14:18,0,6,TRAILER,3579,"REITNOUER, INC.",5594,REITNOUER INC,14493,Reitnouer Inc Trailers,2014,,,6,UNITED STATES (USA),PENNSYLVANIA,READING,,,61,Trailer,9,"Class 8: 33,001 lb and above (14,969 kg and above)",,,6,Flat Bed Trailer/Platform Trailer,6,Kingpin,48.000,Airride,2,,
201901298197,1,1,1UYVS253*J3******,2021-12-20 09:14:18,0,6,TRAILER,10289,UTILITY TRAILER MANUFACTURING COMPANY,10138,UTILITY TRAILER MANUFACTURER,26222,Utility Trailer Manufacturer,2018,,,6,UNITED STATES (USA),ARKANSAS,PARAGOULD,,,61,Trailer,,,,,36,Van Trailer,4,Straight Semi/Semi Trailer,53.000,,2,,
201901299802,2,1,1M5BA222*J1******,2021-12-20 09:14:18,0,6,TRAILER,13552,MAGIC TILT TRAILERS INC.,4228,MAGIC TILT TRAILERS,9005,Magic Tilt Trailers,2018,,,6,UNITED STATES (USA),FLORIDA,CLEARWATER,,,61,Trailer,,,,,2,Boat Trailer,30,Other,22.000,,2,,
201901304712,2,1,1XPBDP9X*KD******,2021-12-20 09:14:18,0,3,TRUCK,1033,PETERBILT MOTORS COMPANY,495,PETERBILT,2787,579,2019,,,6,UNITED STATES (USA),TEXAS,DENTON,Peterbilt,,66,Truck-Tractor,9,"Class 8: 33,001 lb and above (14,969 kg and above)",,,0,Not Applicable,0,Not Applicable,,,,,
201901305245,3,1,1UYVS253*7U******,2021-12-20 09:14:18,0,6,TRAILER,10289,UTILITY TRAILER MANUFACTURING COMPANY,10138,UTILITY TRAILER MANUFACTURER,26222,Utility Trailer Manufacturer,2007,,,6,UNITED STATES (USA),UTAH,CLEARFIELD,,,61,Trailer,,,,,36,Van Trailer,4,Straight Semi/Semi Trailer,53.000,,2,,
201901309689,1,1,5HTAB442*97******,2021-12-20 09:14:18,0,6,TRAILER,5564,"HEIL TRAILER INTERNATIONAL, CO",2365,"HEIL TRAILER INTERNATIONAL, CO.",6142,"Heil Trailer International, Co.",2009,,,6,UNITED STATES (USA),TENNESSEE,ATHENS,,Body Shape: Straight Elliptical,61,Trailer,,,,,15,Tank Trailer,,,44.000,AL 306/406,2,,
201901312026,2,1,4J8B0422*TT******,2021-12-20 09:14:18,0,6,TRAILER,2695,"LBT, INC.",7990,LBT INC,21385,LBT INC TRAILER,1996,,,6,UNITED STATES (USA),NEBRASKA,OMAHA,,,61,Trailer,,,,,174,Dry Bulk Trailer,,,42.000,Closed,2,,
201901312027,1,1,1UYVS253*EU******,2021-12-20 09:14:18,0,6,TRAILER,10289,UTILITY TRAILER MANUFACTURING COMPANY,10138,UTILITY TRAILER MANUFACTURER,26222,Utility Trailer Manufacturer,2014,,,6,UNITED STATES (USA),UTAH,CLEARFIELD,,,61,Trailer,,,,,36,Van Trailer,4,Straight Semi/Semi Trailer,53.000,,2,,
201901312380,1,1,5HABE202*AN******,2021-12-20 09:14:18,0,6,TRAILER,12754,"HOMESTEADER, INC.",1570,HOMESTEADER,5676,Homesteader,2010,,,6,UNITED STATES (USA),TENNESSEE,NEW TAZEWELL,,,61,Trailer,,,,,5,Enclosed Trailer,1,Ball Type Pull,20.000,,2,,
201901319672,1,1,1UYVS253*8G******,2021-12-20 09:14:18,0,6,TRAILER,10289,UTILITY TRAILER MANUFACTURING COMPANY,10138,UTILITY TRAILER MANUFACTURER,26222,Utility Trailer Manufacturer,2008,,,6,UNITED STATES (USA),VIRGINIA,GLADE SPRING,,,61,Trailer,,,,,36,Van Trailer,4,Straight Semi/Semi Trailer,53.000,,2,,
201901323092,2,1,1UYVS253*3M******,2021-12-20 09:14:18,0,6,TRAILER,10289,UTILITY TRAILER MANUFACTURING COMPANY,10138,UTILITY TRAILER MANUFACTURER,26222,Utility Trailer Manufacturer,2003,,,6,UNITED STATES (USA),VIRGINIA,MARION,,,61,Trailer,,,,,36,Van Trailer,4,Straight Semi/Semi Trailer,53.000,,2,,
201901327722,1,1,1JJV532D*FL******,2021-12-20 09:14:18,0,6,TRAILER,14508,WABASH NATIONAL CORPORATION,4847,WABASH NATIONAL CORPORATION,10942,Dry Van Duraplate,2015,,,6,UNITED STATES (USA),INDIANA,LAFAYETTE,,,61,Trailer,,,,,36,Van Trailer,,,53.000,,2,,
201901332153,2,1,5LVBL142*JA******,2021-12-20 09:14:18,0,6,TRAILER,12741,"HOLMES ENTERPRISES, INC.",2829,HOLMES ENTERPRISES,6770,Holmes Enterprises,2018,,,6,UNITED STATES (USA),VIRGINIA,ASHLAND,,,61,Trailer,,,,,17,Landscape Trailer,14,Bumper Pull,14.000,,2,,
201901335739,2,1,1XKYDP9X*FJ******,2021-12-20 09:14:19,0,3,TRUCK,1032,KENWORTH TRUCK COMPANY,532,KENWORTH,2733,T680,2015,,,6,UNITED STATES (USA),OHIO,CHILLICOTHE,,"47,001-57,000 lbs.",66,Truck-Tractor,9,"Class 8: 33,001 lb and above (14,969 kg and above)",,,0,Not Applicable,0,Not Applicable,,,,,
201901338639,2,1,1UYVS253*BM******,2021-12-20 09:14:19,0,6,TRAILER,10289,UTILITY TRAILER MANUFACTURING COMPANY,10138,UTILITY TRAILER MANUFACTURER,26222,Utility Trailer Manufacturer,2011,,,6,UNITED STATES (USA),VIRGINIA,MARION,,,61,Trailer,,,,,36,Van Trailer,4,Straight Semi/Semi Trailer,53.000,,2,,
201901351275,2,1,1JJV532D*FL******,2021-12-20 09:14:19,0,6,TRAILER,14508,WABASH NATIONAL CORPORATION,4847,WABASH NATIONAL CORPORATION,10942,Dry Van Duraplate,2015,,,6,UNITED STATES (USA),INDIANA,LAFAYETTE,,,61,Trailer,,,,,36,Van Trailer,,,53.000,,2,,
201901353498,2,1,5V8VC532*GM******,2021-12-20 09:14:19,0,6,TRAILER,16522,VANGUARD NATIONAL TRAILER CORPORATION (VNTC),6474,VANGUARD NATIONAL TRAILER CORPORATION (VNTC),17782,VANGUARD NATIONAL TRAILER CORPORATION (VNTC),2016,,,6,UNITED STATES (USA),INDIANA,MONON,,,61,Trailer,,,,,,,,,53.000,Dry Freight Van,2,3,Tandem
201901358039,2,1,1GRAA002*5W******,2021-12-20 09:14:19,0,6,TRAILER,1073,GREAT DANE TRAILERS,520,GREAT DANE TRAILERS,13436,Great Dane Trailers,2005,,,6,UNITED STATES (USA),NEBRASKA,WAYNE,,,61,Trailer,,,,,36,Van Trailer,4,Straight Semi/Semi Trailer,50.000,Trailer Type = Dry Freight/ Reefer/ Insulated Van,2,,
201901359193,1,1,4YMBU121*KM******,2021-12-20 09:14:19,0,6,TRAILER,13315,"CARRY-ON TRAILER, INC.",4933,CARRY-ON TRAILER,12040,Carry-On Trailer,2019,,,6,UNITED STATES (USA),IOWA,MISSOURI VALLEY,,,61,Trailer,,,,,32,Open Bed Trailer,1,Ball Type Pull,12.000,,1,,
201901359571,1,1,1JJV532W*5L******,2021-12-20 09:14:19,0,6,TRAILER,14508,WABASH NATIONAL CORPORATION,4847,WABASH NATIONAL CORPORATION,13327,Wabash National Corporation,2005,,,6,UNITED STATES (USA),INDIANA,LAFAYETTE,,,61,Trailer,,,,,36,Van Trailer,,,53.000,,2,,
201901359571,2,1,1TTF482C*D3******,2021-12-20 09:14:19,0,6,TRAILER,8231,TRANSCRAFT CORPORATION,10511,TRANSCRAFT,27663,Combo Steel/Alum Flatbed,2013,,,6,UNITED STATES (USA),KENTUCKY,CADIZ,,,61,Trailer,,,,,6,Flat Bed Trailer/Platform Trailer,6,Kingpin,48.000,,2,,
201901361424,1,1,1GRDM902*HM******,2021-12-20 09:14:19,0,6,TRAILER,1073,GREAT DANE TRAILERS,520,GREAT DANE TRAILERS,13436,Great Dane Trailers,2017,,,6,UNITED STATES (USA),TENNESSEE,MEMPHIS,,,61,Trailer,,,,,,,4,Straight Semi/Semi Trailer,45.000,Platform,2,,
201901363885,2,1,1UNSD221*5C******,2021-12-20 09:14:19,0,6,TRAILER,1739,"DRAGON PRODUCTS, LTD",956,DRAGON PRODUCTS,4976,Dragon Products,2005,,,6,UNITED STATES (USA),CALIFORNIA,,,,61,Trailer,,,,,4,Dump Trailer/Dumping Trailer,4,Straight Semi/Semi Trailer,22.000,,1,,
201901363885,2,2,1UNSD222*5C******,2021-12-20 09:14:19,0,6,TRAILER,1739,"DRAGON PRODUCTS, LTD",956,DRAGON PRODUCTS,4976,Dragon Products,2005,,,6,UNITED STATES (USA),CALIFORNIA,,,,61,Trailer,,,,,4,Dump Trailer/Dumping Trailer,4,Straight Semi/Semi Trailer,22.000,,2,,
201901364888,1,1,1JJV532F*1F******,2021-12-20 09:14:20,0,6,TRAILER,14508,WABASH NATIONAL CORPORATION,4963,FRUEHUAF,12125,Fruehuaf,2001,,,6,UNITED STATES (USA),IOWA,FORT MADISON,,,61,Trailer,,,,,36,Van Trailer,,,53.000,,2,,
201901372455,2,1,575PB142*FU******,2021-12-20 09:14:20,0,6,TRAILER,16014,"UNIVERSAL TRAILER CARGO GROUP, INC.",6061,HAULMARK,15856,Haulmark Trailer,2015,,,6,UNITED STATES (USA),UTAH,OGDEN,,,61,Trailer,,,,,101,Other,30,Other,14.000,Enclosed or Flatbed Trailer,2,,
201901372973,2,1,3H3V532C*GT******,2021-12-20 09:14:20,0,6,TRAILER,14282,"HYUNDAI DE MEXICO, S.A. DE C.V.",4876,HYUNDAI TRANSLEAD TRAILERS,11496,Hyundai Translead Trailers,2016,,,12,MEXICO,BAJA CALIFORNIA,TIJUANA,,,61,Trailer,,,,,36,Van Trailer,,,53.000,Material: Aluminum/Steel,2,,
201901378761,3,1,1E1H5Y28*YR******,2021-12-20 09:14:20,0,6,TRAILER,5338,EAST MANUFACTURING CORP.,1334,EAST MANUFACTURING CORP.,4686,East Manufacturing Corp,2000,,,6,UNITED STATES (USA),OHIO,RANDOLPH,,,61,Trailer,9,"Class 8: 33,001 lb and above (14,969 kg and above)",,,6,Flat Bed Trailer/Platform Trailer,,,48.000,Aluminum Frame,2,,
201901386020,2,1,1GRAA902*EB******,2021-12-20 09:14:20,0,6,TRAILER,1073,GREAT DANE TRAILERS,520,GREAT DANE TRAILERS,13436,Great Dane Trailers,2014,,,6,UNITED STATES (USA),INDIANA,BRAZIL,,,61,Trailer,,,,,,,4,Straight Semi/Semi Trailer,45.000,Dry Freight Van / Reefer Van / Insulated Van,2,,
201901394882,2,1,4KNFT202*HL******,2021-12-20 09:14:20,0,6,TRAILER,16566,"MONROE TOWMASTER, LLC",6972,MONROE TOWMASTER,18543,Monroe Towmaster,2017,,,6,UNITED STATES (USA),MINNESOTA,LITCHFIELD,,,61,Trailer,,,,,76,Tilt/Angled Trailer,30,Other,20.000,Open- Tilt Bed,2,,
201901395017,1,1,1UYVS253*J2******,2021-12-20 09:14:20,0,6,TRAILER,10289,UTILITY TRAILER MANUFACTURING COMPANY,10138,UTILITY TRAILER MANUFACTURER,26222,Utility Trailer Manufacturer,2018,,,6,UNITED STATES (USA),UTAH,CLEARFIELD,,,61,Trailer,,,,,36,Van Trailer,4,Straight Semi/Semi Trailer,53.000,,2,,
201901395361,1,1,1UYVS253*6U******,2021-12-20 09:14:20,0,6,TRAILER,10289,UTILITY TRAILER MANUFACTURING COMPANY,10138,UTILITY TRAILER MANUFACTURER,26222,Utility Trailer Manufacturer,2006,,,6,UNITED STATES (USA),UTAH,CLEARFIELD,,,61,Trailer,,,,,36,Van Trailer,4,Straight Semi/Semi Trailer,53.000,,2,,
201901399807,1,1,5LVBL162*FA******,2021-12-20 09:14:20,0,6,TRAILER,12741,"HOLMES ENTERPRISES, INC.",2829,HOLMES ENTERPRISES,6770,Holmes Enterprises,2015,,,6,UNITED STATES (USA),VIRGINIA,ASHLAND,,,61,Trailer,,,,,17,Landscape Trailer,14,Bumper Pull,16.000,,2,,
201901401208,2,1,1JJV281D*JL******,2021-12-20 09:14:20,0,6,TRAILER,14508,WABASH NATIONAL CORPORATION,4847,WABASH NATIONAL CORPORATION,10942,Dry Van Duraplate,2018,,,6,UNITED STATES (USA),INDIANA,LAFAYETTE,,,61,Trailer,,,,,36,Van Trailer,,,28.000,,1,,
201901401208,2,2,1JJV281W*6L******,2021-12-20 09:14:20,0,6,TRAILER,14508,WABASH NATIONAL CORPORATION,4847,WABASH NATIONAL CORPORATION,13327,Wabash National Corporation,2006,,,6,UNITED STATES (USA),INDIANA,LAFAYETTE,,,61,Trailer,,,,,36,Van Trailer,,,28.000,,1,,
201901405899,2,1,1UYVS253*FP******,2021-12-20 09:14:20,1,6,TRAILER,10289,UTILITY TRAILER MANUFACTURING COMPANY,10138,UTILITY TRAILER MANUFACTURER,26222,Utility Trailer Manufacturer,2015,,,6,UNITED STATES (USA),ARKANSAS,PARAGOULD,,,61,Trailer,,,,,36,Van Trailer,4,Straight Semi/Semi Trailer,53.000,,2,,
201901405913,3,1,1JJV532W*5L******,2021-12-20 09:14:20,0,6,TRAILER,14508,WABASH NATIONAL CORPORATION,4847,WABASH NATIONAL CORPORATION,13327,Wabash National Corporation,2005,,,6,UNITED STATES (USA),INDIANA,LAFAYETTE,,,61,Trailer,,,,,36,Van Trailer,,,53.000,,2,,
201901408760,1,1,3H4SS422*K3******,2021-12-20 09:14:20,0,6,TRAILER,5564,"HEIL TRAILER INTERNATIONAL, CO",2365,"HEIL TRAILER INTERNATIONAL, CO.",6142,"Heil Trailer International, Co.",2019,,,12,MEXICO,,JUAREZ,,,61,Trailer,,,,,174,Dry Bulk Trailer,4,Straight Semi/Semi Trailer,42.000,AL. PNEUMATIC,2,,
201901414864,2,1,1GRAA062*FW******,2021-12-20 09:14:21,0,6,TRAILER,1073,GREAT DANE TRAILERS,520,GREAT DANE TRAILERS,13436,Great Dane Trailers,2015,,,6,UNITED STATES (USA),NEBRASKA,WAYNE,,,61,Trailer,,,,,,,4,Straight Semi/Semi Trailer,53.000,Dry Freight Van / Reefer Van / Insulated Van,2,,
201901415024,2,1,1GRAA062*CJ******,2021-12-20 09:14:21,0,6,TRAILER,1073,GREAT DANE TRAILERS,520,GREAT DANE TRAILERS,13436,Great Dane Trailers,2012,,,6,UNITED STATES (USA),ARKANSAS,JONESBORO,,"Jacksonville Florida (ended 02/1988); Jonesboro, Arkansas (effective 09/03/02)",61,Trailer,,,,,,,4,Straight Semi/Semi Trailer,53.000,Dry Freight Van / Reefer Van / Insulated Van,2,,
201901432856,1,1,5V8VA532*KM******,2021-12-20 09:14:21,0,6,TRAILER,16522,VANGUARD NATIONAL TRAILER CORPORATION (VNTC),6474,VANGUARD NATIONAL TRAILER CORPORATION (VNTC),17782,VANGUARD NATIONAL TRAILER CORPORATION (VNTC),2019,,,6,UNITED STATES (USA),INDIANA,MONON,,,61,Trailer,,,,,,,,,53.000,Interior Post Aluminum Semi Trailer,2,3,Tandem
201901434610,1,1,1UYVS253*H6******,2021-12-20 09:14:21,0,6,TRAILER,10289,UTILITY TRAILER MANUFACTURING COMPANY,10138,UTILITY TRAILER MANUFACTURER,26222,Utility Trailer Manufacturer,2017,,,6,UNITED STATES (USA),VIRGINIA,MARION,,,61,Trailer,,,,,36,Van Trailer,4,Straight Semi/Semi Trailer,53.000,,2,,
201901436167,1,1,1JJV532B*GL******,2021-12-20 09:14:21,0,6,TRAILER,14508,WABASH NATIONAL CORPORATION,4847,WABASH NATIONAL CORPORATION,10945,Refrigerated Van,2016,,,6,UNITED STATES (USA),INDIANA,LAFAYETTE,,,61,Trailer,,,,,36,Van Trailer,,,53.000,,2,,
201901436167,2,1,1JJV532D*CL******,2021-12-20 09:14:21,0,6,TRAILER,14508,WABASH NATIONAL CORPORATION,4847,WABASH NATIONAL CORPORATION,10942,Dry Van Duraplate,2012,,,6,UNITED STATES (USA),INDIANA,LAFAYETTE,,,61,Trailer,,,,,36,Van Trailer,,,53.000,,2,,
201901439819,3,1,1GR1A062*KW******,2021-12-20 09:14:21,0,6,TRAILER,1073,GREAT DANE TRAILERS,520,GREAT DANE TRAILERS,13436,Great Dane Trailers,2019,,,6,UNITED STATES (USA),NEBRASKA,WAYNE,,,61,Trailer,,,,,,,6,Kingpin,53.000,"Semitrailer - dry freight, reefer, or insulated van",2,,
201901441316,1,1,1J9A140B*J0003***,2021-12-20 09:14:21,0,6,TRAILER,14946,JOHN EVANS MANUFACTURING CO.,4979,JOHN EVANS MANUFACTURING,12187,John Evans Manufacturing,2018,,,6,UNITED STATES (USA),SOUTH CAROLINA,SUMTER,,dual tires,61,Trailer,,,,,6,Flat Bed Trailer/Platform Trailer,4,Straight Semi/Semi Trailer,40.000,,2,,
201901445327,1,1,1UYVS253*J3******,2021-12-20 09:14:21,0,6,TRAILER,10289,UTILITY TRAILER MANUFACTURING COMPANY,10138,UTILITY TRAILER MANUFACTURER,26222,Utility Trailer Manufacturer,2018,,,6,UNITED STATES (USA),ARKANSAS,PARAGOULD,,,61,Trailer,,,,,36,Van Trailer,4,Straight Semi/Semi Trailer,53.000,,2,,
201901447181,1,1,1GRAA062*GE******,2021-12-20 09:14:21,0,6,TRAILER,1073,GREAT DANE TRAILERS,520,GREAT DANE TRAILERS,13436,Great Dane Trailers,2016,,,6,UNITED STATES (USA),GEORGIA,STATESBORO,,,61,Trailer,,,,,,,4,Straight Semi/Semi Trailer,53.000,Dry Freight Van / Reefer Van / Insulated Van,2,,
201901458967,2,1,1UYFS248*8A******,2021-12-20 09:14:21,0,6,TRAILER,10289,UTILITY TRAILER MANUFACTURING COMPANY,10138,UTILITY TRAILER MANUFACTURER,26222,Utility Trailer Manufacturer,2008,,,6,UNITED STATES (USA),ALABAMA,ENTERPRISE,,,61,Trailer,,,,,6,Flat Bed Trailer/Platform Trailer,4,Straight Semi/Semi Trailer,48.000,,2,,
201901459842,2,1,1V9FC473*WN062***,2021-12-20 09:14:21,0,6,TRAILER,10999,VIKING TRAILERS,5688,VIKING TRAILER,14907,Viking Trailer,1998,Center Frame Trailer,,6,UNITED STATES (USA),TEXAS,NACOGDOCHES,,,61,Trailer,,,,,6,Flat Bed Trailer/Platform Trailer,,,47.000,,3,,
201901463347,3,1,575200E1*EP******,2021-12-20 09:14:21,0,6,TRAILER,16014,"UNIVERSAL TRAILER CARGO GROUP, INC.",6062,WELLS CARGO,15857,Wells Cargo Trailer,2014,,,6,UNITED STATES (USA),PENNSYLVANIA,MCADOO,,,61,Trailer,,,,,101,Other,30,Other,,Enclosed or Flatbed Trailer,1,,
201901481334,2,1,3H3V488C*4T******,2021-12-20 09:14:22,0,6,TRAILER,14282,"HYUNDAI DE MEXICO, S.A. DE C.V.",4876,HYUNDAI TRANSLEAD TRAILERS,11496,Hyundai Translead Trailers,2004,,,12,MEXICO,BAJA CALIFORNIA,TIJUANA,,,61,Trailer,,,,,36,Van Trailer,,,48.000,Material: Aluminum/Steel,8,,
201901483994,1,1,13N14820*K1******,2021-12-20 09:14:22,0,6,TRAILER,12268,FONTAINE COMMERCIAL PLATFORM,1128,FONTAINE TRAILER CO.,4416,Fontaine Trailer Co.,2019,,,6,UNITED STATES (USA),ALABAMA,HALEYVILLE,,Optional Features: None,61,Trailer,,,,,6,Flat Bed Trailer/Platform Trailer,,,48.000,,2,,
201901485515,1,1,3H3V452C*KT******,2021-12-20 09:14:22,0,6,TRAILER,14282,"HYUNDAI DE MEXICO, S.A. DE C.V.",4876,HYUNDAI TRANSLEAD TRAILERS,11496,Hyundai Translead Trailers,2019,,,12,MEXICO,BAJA CALIFORNIA,TIJUANA,,,61,Trailer,,,,,36,Van Trailer,,,45.000,Material: Aluminum/Steel,2,,
201901486816,1,1,3H3V532C*HT******,2021-12-20 09:14:22,0,6,TRAILER,14282,"HYUNDAI DE MEXICO, S.A. DE C.V.",4876,HYUNDAI TRANSLEAD TRAILERS,11496,Hyundai Translead Trailers,2017,,,12,MEXICO,BAJA CALIFORNIA,TIJUANA,,,61,Trailer,,,,,36,Van Trailer,,,53.000,Material: Aluminum/Steel,2,,
201901490537,1,1,1S12SC23*SB******,2021-12-20 09:14:22,0,6,TRAILER,14956,"STRICK TRAILERS, LLC",4977,STRICK COMMERCIAL TRAILER,12176,Strick Commercial Trailer,1995,,,6,UNITED STATES (USA),,BERWICK,,,61,Trailer,,,,,46,Chassis,,,23.000,Straight Frame,2,3,Tandem
201901492968,1,1,1UYVS253*L2******,2021-12-20 09:14:22,0,6,TRAILER,10289,UTILITY TRAILER MANUFACTURING COMPANY,10138,UTILITY TRAILER MANUFACTURER,26222,Utility Trailer Manufacturer,2020,,,6,UNITED STATES (USA),UTAH,CLEARFIELD,,,61,Trailer,,,,,36,Van Trailer,4,Straight Semi/Semi Trailer,53.000,,2,,
201901494037,1,1,53FBE162*JF******,2021-12-20 09:14:22,0,6,TRAILER,7521,COVERED WAGON TRAILERS LLC.,6356,COVERED WAGON TRAILERS,17587,Covered Wagon Trailers,2018,,,6,UNITED STATES (USA),GEORGIA,FITZGERALD,,,61,Trailer,,,,,160,Cargo Trailer,14,Bumper Pull,16.000,Enclosed - General Cargo,2,,
201901496001,3,1,1JJV532W*6L******,2021-12-20 09:14:22,0,6,TRAILER,14508,WABASH NATIONAL CORPORATION,4847,WABASH NATIONAL CORPORATION,13327,Wabash National Corporation,2006,,,6,UNITED STATES (USA),INDIANA,LAFAYETTE,,,61,Trailer,,,,,36,Van Trailer,,,53.000,,2,,
201901496566,2,1,3H3V452C*HT******,2021-12-20 09:14:22,0,6,TRAILER,14282,"HYUNDAI DE MEXICO, S.A. DE C.V.",4876,HYUNDAI TRANSLEAD TRAILERS,11496,Hyundai Translead Trailers,2017,,,12,MEXICO,BAJA CALIFORNIA,TIJUANA,,,61,Trailer,,,,,36,Van Trailer,,,45.000,Material: Aluminum/Steel,2,,
201901500409,1,1,4TCSM112*GH******,2021-12-20 09:14:22,0,6,TRAILER,7793,TRITON TRAILERS LLC,4911,TRITON,11981,Triton,2016,,,6,UNITED STATES (USA),WISCONSIN,HARTFORD,,,61,Trailer,,,,,135,Personal Watercraft Trailer/PWC Trailer,14,Bumper Pull,12.000,,1,,
201901508994,1,1,1DW1B482*TS******,2021-12-20 09:14:23,0,6,TRAILER,13506,"STOUGHTON TRAILERS, INC.",3414,STOUGHTON TRAILERS,7701,Stoughton trailers,1996,,,6,UNITED STATES (USA),WISCONSIN,STOUGHTON,"Stoughton Trailers, INC",,61,Trailer,,,,,6,Flat Bed Trailer/Platform Trailer,4,Straight Semi/Semi Trailer,48.000,,2,,
201901511114,1,1,1GR1A062*KT******,2021-12-20 09:14:23,0,6,TRAILER,1073,GREAT DANE TRAILERS,520,GREAT DANE TRAILERS,13436,Great Dane Trailers,2019,,,6,UNITED STATES (USA),INDIANA,TERRE HAUTE,,,61,Trailer,,,,,,,6,Kingpin,53.000,"Semitrailer - dry freight, reefer, or insulated van",2,,
201901519507,1,1,1C9BP342*ET442***,2021-12-20 09:14:23,0,6,TRAILER,18188,CARRIER TRAILER MFG.,9415,CARRIER TRAILER MFG.,23676,Carrier Trailer Mfg.,2014,Special,,6,UNITED STATES (USA),OKLAHOMA,TURPIN,,,61,Trailer,,,,,51,Box Trailer,,,34.000,,2,,
201901520753,2,1,1JJV532D*FL******,2021-12-20 09:14:23,0,6,TRAILER,14508,WABASH NATIONAL CORPORATION,4847,WABASH NATIONAL CORPORATION,10942,Dry Van Duraplate,2015,,,6,UNITED STATES (USA),INDIANA,LAFAYETTE,,,61,Trailer,,,,,36,Van Trailer,,,53.000,,2,,
201901523332,2,1,48X1F382*71******,2021-12-20 09:14:23,0,6,TRAILER,10839,"TRAVIS BODY & TRAILER, INC.",3520,"TRAVIS BODY & TRAILER, INC.",7868,"TRAVIS BODY & TRAILER, INC.",2007,,,6,UNITED STATES (USA),TEXAS,HOUSTON,,,61,Trailer,,,,,4,Dump Trailer/Dumping Trailer,30,Other,38.000,Tumer ARx43,2,,
201901529356,3,1,5C2BR28B*7M******,2021-12-20 09:14:23,1,6,TRAILER,15683,"CLEMENT INDUSTRIES, INC.",5405,CLEMENT INDUSTRIES,13961,Clement,2007,,,6,UNITED STATES (USA),LOUISIANA,MINDEN,"Clement Industries, Inc",,61,Trailer,,,,,179,Round Floor,4,Straight Semi/Semi Trailer,28.000,Frameless Semi End Dump,2,,
201901530111,2,1,5Z5FP222*HS******,2021-12-20 09:14:23,0,6,TRAILER,17264,APPALACHIAN TRAILERS INC,7931,APPALACHIAN TRAILERS INC.,21200,Appalachian Trailers Inc.,2017,,,6,UNITED STATES (USA),OHIO,SALEM,,,61,Trailer,,,,,,,6,Kingpin,22.000,Body Type: Pintle,2,,
201901536295,2,1,5HTAB432*77******,2021-12-20 09:14:24,0,6,TRAILER,5564,"HEIL TRAILER INTERNATIONAL, CO",2365,"HEIL TRAILER INTERNATIONAL, CO.",6142,"Heil Trailer International, Co.",2007,,,6,UNITED STATES (USA),TENNESSEE,ATHENS,,Body Shape: Straight Elliptical,61,Trailer,,,,,15,Tank Trailer,,,43.000,AL 306/406,2,,
201901540382,2,1,1GRAA062*7J******,2021-12-20 09:14:24,0,6,TRAILER,1073,GREAT DANE TRAILERS,520,GREAT DANE TRAILERS,13436,Great Dane Trailers,2007,,,6,UNITED STATES (USA),ARKANSAS,JONESBORO,,,61,Trailer,,,,,36,Van Trailer,4,Straight Semi/Semi Trailer,53.000,Trailer Type = Dry Freight/ Reefer/ Insulated Van,2,,
201901542814,1,1,1JJV482D*JL******,2021-12-20 09:14:24,0,6,TRAILER,14508,WABASH NATIONAL CORPORATION,4847,WABASH NATIONAL CORPORATION,10942,Dry Van Duraplate,2018,,,6,UNITED STATES (USA),INDIANA,LAFAYETTE,,,61,Trailer,,,,,36,Van Trailer,,,48.000,,2,,
201901544733,1,1,3H3V532C*ET******,2021-12-20 09:14:24,0,6,TRAILER,14282,"HYUNDAI DE MEXICO, S.A. DE C.V.",4876,HYUNDAI TRANSLEAD TRAILERS,11496,Hyundai Translead Trailers,2014,,,12,MEXICO,BAJA CALIFORNIA,TIJUANA,,,61,Trailer,,,,,36,Van Trailer,,,53.000,Material: Aluminum/Steel,2,,
201901561203,1,1,1JJV532D*LL******,2021-12-20 09:14:24,0,6,TRAILER,14508,WABASH NATIONAL CORPORATION,4847,WABASH NATIONAL CORPORATION,10942,Dry Van Duraplate,2020,,,6,UNITED STATES (USA),INDIANA,LAFAYETTE,,,61,Trailer,,,,,36,Van Trailer,,,53.000,,2,,
201901565543,2,1,1UYVS253*K3******,2021-12-20 09:14:24,0,6,TRAILER,10289,UTILITY TRAILER MANUFACTURING COMPANY,10138,UTILITY TRAILER MANUFACTURER,26222,Utility Trailer Manufacturer,2019,,,6,UNITED STATES (USA),ARKANSAS,PARAGOULD,,,61,Trailer,,,,,36,Van Trailer,4,Straight Semi/Semi Trailer,53.000,,2,,
201901565690,2,1,1KKVC341*CL******,2021-12-20 09:14:24,0,6,TRAILER,2340,KENTUCKY MANUFACTURING CO.,2048,KENTUCKY MANUFACTURING CO./ KENTUCKY TRAILER/ KENTUCKY TRAILER TECH,5803,Kentucky Manufacturing Co./ Kentucky Trailer/ Kentucky Trailer Tech,2012,,,6,UNITED STATES (USA),KENTUCKY,LOUISVILLE,Kentucky Manufacturing Co.,,61,Trailer,,,,,36,Van Trailer,,,34.000,Body Type - City Delivery,1,,
201901569303,1,1,1JJV532W*7L******,2021-12-20 09:14:24,0,6,TRAILER,14508,WABASH NATIONAL CORPORATION,4847,WABASH NATIONAL CORPORATION,13327,Wabash National Corporation,2007,,,6,UNITED STATES (USA),INDIANA,LAFAYETTE,,,61,Trailer,,,,,36,Van Trailer,,,53.000,,2,,
201901578291,1,1,1GRAA062*DB******,2021-12-20 09:14:24,0,6,TRAILER,1073,GREAT DANE TRAILERS,520,GREAT DANE TRAILERS,13436,Great Dane Trailers,2013,,,6,UNITED STATES (USA),INDIANA,BRAZIL,,,61,Trailer,,,,,,,4,Straight Semi/Semi Trailer,53.000,Dry Freight Van / Reefer Van / Insulated Van,2,,
201901585232,2,1,1JJV532D*KL******,2021-12-20 09:14:24,0,6,TRAILER,14508,WABASH NATIONAL CORPORATION,4847,WABASH NATIONAL CORPORATION,10942,Dry Van Duraplate,2019,,,6,UNITED STATES (USA),INDIANA,LAFAYETTE,,,61,Trailer,,,,,36,Van Trailer,,,53.000,,2,,
201901588141,1,1,3H3V482C*CT******,2021-12-20 09:14:24,0,6,TRAILER,14282,"HYUNDAI DE MEXICO, S.A. DE C.V.",4876,HYUNDAI TRANSLEAD TRAILERS,11496,Hyundai Translead Trailers,2012,,,12,MEXICO,BAJA CALIFORNIA,TIJUANA,,,61,Trailer,,,,,36,Van Trailer,,,48.000,Material: Aluminum/Steel,2,,
201901590781,2,1,1UYVS253*DU******,2021-12-20 09:14:24,0,6,TRAILER,10289,UTILITY TRAILER MANUFACTURING COMPANY,10138,UTILITY TRAILER MANUFACTURER,26222,Utility Trailer Manufacturer,2013,,,6,UNITED STATES (USA),UTAH,CLEARFIELD,,,61,Trailer,,,,,36,Van Trailer,4,Straight Semi/Semi Trailer,53.000,,2,,
201901590924,1,1,50XBE202*KA******,2021-12-20 09:14:24,0,6,TRAILER,14146,"SPARTAN CARGO TRAILERS, LLC",4768,SPARTAN CARGO TRAILERS,10465,Spartan Crago Trailers,2019,,,6,UNITED STATES (USA),GEORGIA,ALMA,,,61,Trailer,,,,,5,Enclosed Trailer,1,Ball Type Pull,20.000,,,3,Tandem
201901600219,2,1,1PLE0422*KP******,2021-12-20 09:14:25,0,6,TRAILER,18041,PEERLESS CORPORATION,9288,PEERLESS,23523,Peerless,2019,,,6,UNITED STATES (USA),ARKANSAS,PARAGOULD,,,61,Trailer,,,,,34,Chipper Trailer,,,42.000,,2,,
201901600910,1,1,13N14830*51******,2021-12-20 09:14:25,0,6,TRAILER,12268,FONTAINE COMMERCIAL PLATFORM,1128,FONTAINE TRAILER CO.,4416,Fontaine Trailer Co.,2005,,,6,UNITED STATES (USA),ALABAMA,HALEYVILLE,,,61,Trailer,,,,,6,Flat Bed Trailer/Platform Trailer,,,48.000,"Tandem Axles, Spread",2,,
201901602016,1,1,1JJV452V*BL******,2021-12-20 09:14:25,0,6,TRAILER,14508,WABASH NATIONAL CORPORATION,4847,WABASH NATIONAL CORPORATION,10943,Dry Van Sheet & Post,2011,,,6,UNITED STATES (USA),INDIANA,LAFAYETTE,,,61,Trailer,,,,,36,Van Trailer,,,45.000,,2,,
201901607591,2,1,1JJV532D*CL******,2021-12-20 09:14:25,0,6,TRAILER,14508,WABASH NATIONAL CORPORATION,4847,WABASH NATIONAL CORPORATION,10942,Dry Van Duraplate,2012,,,6,UNITED STATES (USA),INDIANA,LAFAYETTE,,,61,Trailer,,,,,36,Van Trailer,,,53.000,,2,,
201901610186,1,1,1JJV281D*LL******,2021-12-20 09:14:25,0,6,TRAILER,14508,WABASH NATIONAL CORPORATION,4847,WABASH NATIONAL CORPORATION,10942,Dry Van Duraplate,2020,,,6,UNITED STATES (USA),INDIANA,LAFAYETTE,,,61,Trailer,,,,,36,Van Trailer,,,28.000,,1,,
201901610186,1,2,1JJV281W*7L******,2021-12-20 09:14:25,0,6,TRAILER,14508,WABASH NATIONAL CORPORATION,4847,WABASH NATIONAL CORPORATION,13327,Wabash National Corporation,2007,,,6,UNITED STATES (USA),INDIANA,LAFAYETTE,,,61,Trailer,,,,,36,Van Trailer,,,28.000,,1,,
201901614960,1,1,3H3V532C*8T******,2021-12-20 09:14:25,0,6,TRAILER,14282,"HYUNDAI DE MEXICO, S.A. DE C.V.",4876,HYUNDAI TRANSLEAD TRAILERS,11496,Hyundai Translead Trailers,2008,,,12,MEXICO,BAJA CALIFORNIA,TIJUANA,,,61,Trailer,,,,,36,Van Trailer,,,53.000,Material: Aluminum/Steel,2,,
201901615334,1,1,1UYVS253*K3******,2021-12-20 09:14:25,0,6,TRAILER,10289,UTILITY TRAILER MANUFACTURING COMPANY,10138,UTILITY TRAILER MANUFACTURER,26222,Utility Trailer Manufacturer,2019,,,6,UNITED STATES (USA),ARKANSAS,PARAGOULD,,,61,Trailer,,,,,36,Van Trailer,4,Straight Semi/Semi Trailer,53.000,,2,,
201901615601,5,1,1R1F3482*7K******,2021-12-20 09:14:25,0,6,TRAILER,9670,FONTAINE TRAILER COMPANY,7854,FONTAINE TRAILER,21047,Fontaine Trailer,2007,"102"" Phantom",,6,UNITED STATES (USA),OHIO,KENT,,,61,Trailer,,,,,6,Flat Bed Trailer/Platform Trailer,,,48.000,,2,,
201901619158,1,1,5JYLP402*GP******,2021-12-20 09:14:25,0,6,TRAILER,2290,PITTS ENTERPRISES INC,2831,PITTS TRAILERS,6775,Pitts Trailers,2016,,,6,UNITED STATES (USA),ALABAMA,PITTSVIEW,,,61,Trailer,,,,,19,Logging Trailer,,,40.000,Trailer Type: Plantation,2,,
201901623393,1,1,1GRAP062*FJ******,2021-12-20 09:14:26,0,6,TRAILER,1073,GREAT DANE TRAILERS,520,GREAT DANE TRAILERS,13436,Great Dane Trailers,2015,,,6,UNITED STATES (USA),ARKANSAS,JONESBORO,,"Jacksonville Florida (ended 02/1988); Jonesboro, Arkansas (effective 09/03/02)",61,Trailer,,,,,,,4,Straight Semi/Semi Trailer,53.000,Dry Freight Van / Reefer Van / Insulated Van,2,,
201901623536,2,1,4X4TSED2*2N******,2021-12-20 09:14:26,0,6,TRAILER,1084,"FOREST RIVER, INC.",531,FOREST RIVER,2429,Sierra Towables,2002,,,6,UNITED STATES (USA),INDIANA,ELKHART,,Address: 29618 C.R.12,61,Trailer,,,,,21,Travel Trailer,,,28.000,,2,,
201901626450,1,1,1UYVS253*DU******,2021-12-20 09:14:26,0,6,TRAILER,10289,UTILITY TRAILER MANUFACTURING COMPANY,10138,UTILITY TRAILER MANUFACTURER,26222,Utility Trailer Manufacturer,2013,,,6,UNITED STATES (USA),UTAH,CLEARFIELD,,,61,Trailer,,,,,36,Van Trailer,4,Straight Semi/Semi Trailer,53.000,,2,,
201901626697,1,1,1GR1P062*JD******,2021-12-20 09:14:26,0,6,TRAILER,1073,GREAT DANE TRAILERS,520,GREAT DANE TRAILERS,13436,Great Dane Trailers,2018,,,6,UNITED STATES (USA),PENNSYLVANIA,DANVILLE,,,61,Trailer,,,,,,,6,Kingpin,53.000,"Semitrailer - dry freight, reefer, or insulated van",2,,
201901630264,1,1,1W14432A*E2******,2021-12-20 09:14:26,0,6,TRAILER,11681,WILSON TRAILER CO.,10450,WILSON,27561,Wilson,2014,,,6,UNITED STATES (USA),IOWA,SIOUX CITY,,,61,Trailer,,,,,33,Grain Trailer,,,43.000,Type of suspension: Air Ride,2,,
201901633582,1,1,1GRAA962*VW******,2021-12-20 09:14:26,0,6,TRAILER,1073,GREAT DANE TRAILERS,520,GREAT DANE TRAILERS,13436,Great Dane Trailers,1997,,,6,UNITED STATES (USA),NEBRASKA,WAYNE,,,61,Trailer,,,,,36,Van Trailer,4,Straight Semi/Semi Trailer,48.000,Trailer Type = Dry Freight/ Reefer/ Insulated Van,2,,
201901635989,2,1,1UYVS253*DP******,2021-12-20 09:14:26,0,6,TRAILER,10289,UTILITY TRAILER MANUFACTURING COMPANY,10138,UTILITY TRAILER MANUFACTURER,26222,Utility Trailer Manufacturer,2013,,,6,UNITED STATES (USA),ARKANSAS,PARAGOULD,,,61,Trailer,,,,,36,Van Trailer,4,Straight Semi/Semi Trailer,53.000,,2,,
201901642135,1,1,1UYVS253*H2******,2021-12-20 09:14:26,0,6,TRAILER,10289,UTILITY TRAILER MANUFACTURING COMPANY,10138,UTILITY TRAILER MANUFACTURER,26222,Utility Trailer Manufacturer,2017,,,6,UNITED STATES (USA),UTAH,CLEARFIELD,,,61,Trailer,,,,,36,Van Trailer,4,Straight Semi/Semi Trailer,53.000,,2,,
201901642135,2,1,1S9T7422*C0017***,2021-12-20 09:14:26,0,6,TRAILER,19475,"STAINLESS TANK & EQUIPMENT, LLC",5781,STAINLESS TANK & EQUIPMENT LLC,15137,Stainless Tank & Equipment LLC Trailer,2012,MC 307,,6,UNITED STATES (USA),WISCONSIN,COTTAGE GROVE,,,61,Trailer,,,,,15,Tank Trailer,4,Straight Semi/Semi Trailer,42.000,,2,,
201901646155,2,1,4P5D9162*K1******,2021-12-20 09:14:26,1,6,TRAILER,16013,"PJ TRAILERS MANUFACTURING, INC.",6060,PJ,28324,PJ,2019,,,6,UNITED STATES (USA),TEXAS,SUMNER,,,61,Trailer,,,,,4,Dump Trailer/Dumping Trailer,30,Other,16.000,Variable HITCH based on Size/Type of Trailer,2,,
201901646157,1,1,1JJV532D*CL******,2021-12-20 09:14:26,0,6,TRAILER,14508,WABASH NATIONAL CORPORATION,4847,WABASH NATIONAL CORPORATION,10942,Dry Van Duraplate,2012,,,6,UNITED STATES (USA),INDIANA,LAFAYETTE,,,61,Trailer,,,,,36,Van Trailer,,,53.000,,2,,
201901646163,1,1,1UYFS248*6A******,2021-12-20 09:14:27,0,6,TRAILER,10289,UTILITY TRAILER MANUFACTURING COMPANY,10138,UTILITY TRAILER MANUFACTURER,26222,Utility Trailer Manufacturer,2006,,,6,UNITED STATES (USA),ALABAMA,ENTERPRISE,,,61,Trailer,,,,,6,Flat Bed Trailer/Platform Trailer,4,Straight Semi/Semi Trailer,48.000,,2,,
201901646856,1,1,1UYVS253*AP******,2021-12-20 09:14:27,0,6,TRAILER,10289,UTILITY TRAILER MANUFACTURING COMPANY,10138,UTILITY TRAILER MANUFACTURER,26222,Utility Trailer Manufacturer,2010,,,6,UNITED STATES (USA),ARKANSAS,PARAGOULD,,,61,Trailer,,,,,36,Van Trailer,4,Straight Semi/Semi Trailer,53.000,,2,,
201901647468,1,1,49THB142*G1******,2021-12-20 09:14:27,0,6,TRAILER,3943,"CONTRACT MANUFACTURER, LLC",1871,CONTRACT MANUFACTURER,5360,CONTRACT MANUFACTURER,2016,,,6,UNITED STATES (USA),OKLAHOMA,MADILL,,,61,Trailer,,,,,14,Horse Trailer,14,Bumper Pull,14.000,,2,,
201901650059,1,1,4P5D8142*71******,2021-12-20 09:14:27,0,6,TRAILER,16013,"PJ TRAILERS MANUFACTURING, INC.",6060,PJ,28324,PJ,2007,,,6,UNITED STATES (USA),TEXAS,SUMNER,,,61,Trailer,,,,,4,Dump Trailer/Dumping Trailer,30,Other,14.000,Variable HITCH based on Size/Type of Trailer,2,,
201901651162,1,1,1UYVS248*BU******,2021-12-20 09:14:27,0,6,TRAILER,10289,UTILITY TRAILER MANUFACTURING COMPANY,10138,UTILITY TRAILER MANUFACTURER,26222,Utility Trailer Manufacturer,2011,,,6,UNITED STATES (USA),UTAH,CLEARFIELD,,,61,Trailer,,,,,36,Van Trailer,4,Straight Semi/Semi Trailer,48.000,,2,,
201901653696,2,1,1W9FA262*YC114***,2021-12-20 09:14:27,1,6,TRAILER,17772,WARRIOR MFG.,8971,WARRIOR MFG.,23098,Warrior Mfg.,2000,Apache Warrior,,6,UNITED STATES (USA),CALIFORNIA,CHINO,,,61,Trailer,,,,,,,5,Fifth Wheel,26.000,,2,,
201901661960,1,1,1JJV532D*CL******,2021-12-20 09:14:27,0,6,TRAILER,14508,WABASH NATIONAL CORPORATION,4847,WABASH NATIONAL CORPORATION,10942,Dry Van Duraplate,2012,,,6,UNITED STATES (USA),INDIANA,LAFAYETTE,,,61,Trailer,,,,,36,Van Trailer,,,53.000,,2,,
201901662260,1,1,1UYVS253*DM******,2021-12-20 09:14:27,0,6,TRAILER,10289,UTILITY TRAILER MANUFACTURING COMPANY,10138,UTILITY TRAILER MANUFACTURER,26222,Utility Trailer Manufacturer,2013,,,6,UNITED STATES (USA),VIRGINIA,MARION,,,61,Trailer,,,,,36,Van Trailer,4,Straight Semi/Semi Trailer,53.000,,2,,
201901663388,1,1,1R9GD302*6M356***,2021-12-20 09:14:27,0,6,TRAILER,3016,ROLLS RITE TRAILERS,6238,ROLLS RITE TRAILERS INC,17305,Rolls Rite Trailers Inc,2006,,,6,UNITED STATES (USA),FLORIDA,MARIANNA,,,61,Trailer,,,,,125,Dovetail,3,Gooseneck,30.000,,2,,
201901666227,2,1,1JJV532W*7L******,2021-12-20 09:14:27,0,6,TRAILER,14508,WABASH NATIONAL CORPORATION,4847,WABASH NATIONAL CORPORATION,13327,Wabash National Corporation,2007,,,6,UNITED STATES (USA),INDIANA,LAFAYETTE,,,61,Trailer,,,,,36,Van Trailer,,,53.000,,2,,
201901667256,1,1,3AKBGDDV*FS******,2021-12-20 09:14:27,0,3,TRUCK,1024,DAIMLER TRUCKS NORTH AMERICA LLC,450,FREIGHTLINER,2501,Cascadia,2015,,,12,MEXICO,COAHUILA,SALTILLO,,"125"" sleepercab",66,Truck-Tractor,8,"Class 7: 26,001 - 33,000 lb (11,794 - 14,969 kg)",,,0,Not Applicable,0,Not Applicable,,,,,
201901673514,2,1,1TDH4222*DB******,2021-12-20 09:14:27,0,6,TRAILER,8330,TIMPTE INC.,5331,"TIMPTE, INC",13636,Timpte,2013,,,6,UNITED STATES (USA),NEBRASKA,DAVID CITY,,"Seventh VIN position indicates the additional length of the trailer to the nearest inch up to 9 inches. If the additional length is 10 inches or more the seventh character is zero (0) and the sixth character will be increased to the next foot. For example : a 42ft 9in trailer will be represent in VIN position 5, 6 & 7 as ""429"" and a 42ft 10in. trailer will be represented in VIN position 5 , 6 & 7 as ""430"" respectively.",61,Trailer,,,,,174,Dry Bulk Trailer,,,42.000,Dry Bulk-Bottom Hopper,2,,
201901673538,1,1,5JYLP402*EP******,2021-12-20 09:14:27,0,6,TRAILER,2290,PITTS ENTERPRISES INC,2831,PITTS TRAILERS,6775,Pitts Trailers,2014,,,6,UNITED STATES (USA),ALABAMA,PITTSVIEW,,,61,Trailer,,,,,19,Logging Trailer,,,40.000,Trailer Type: Plantation,2,,
201901679029,2,1,4H100201*50******,2021-12-20 09:14:28,0,6,TRAILER,15657,HLT LIMITED,5298,HLT TRAILERS,13492,HLT TRAILERS,2005,,,6,UNITED STATES (USA),IOWA,HUMBOLDT,,,61,Trailer,,,,,2,Boat Trailer,,,20.000,RECREATIONAL TRAILER,1,,
201901679070,1,1,16VEX202*D3******,2021-12-20 09:14:28,0,6,TRAILER,9132,"BIG TEX TRAILER MANUFACTURING, LLC",1136,BIG TEX,5625,Big Tex,2013,,,6,UNITED STATES (USA),GEORGIA,CORDELE,"Big Tex Trailer Manufacturing, Inc.",,61,Trailer,,,,,16,Utility Trailer,,,20.000,,2,,
201901679965,1,1,3H3V532C*DT******,2021-12-20 09:14:28,0,6,TRAILER,14282,"HYUNDAI DE MEXICO, S.A. DE C.V.",4876,HYUNDAI TRANSLEAD TRAILERS,11496,Hyundai Translead Trailers,2013,,,12,MEXICO,BAJA CALIFORNIA,TIJUANA,,,61,Trailer,,,,,36,Van Trailer,,,53.000,Material: Aluminum/Steel,2,,
201901679977,1,1,575200G2*HT******,2021-12-20 09:14:28,0,6,TRAILER,16014,"UNIVERSAL TRAILER CARGO GROUP, INC.",6062,WELLS CARGO,15857,Wells Cargo Trailer,2017,,,6,UNITED STATES (USA),TEXAS,WACO,,,61,Trailer,,,,,101,Other,30,Other,,Enclosed or Flatbed Trailer,2,,
201901680556,2,1,1GRAA062*DB******,2021-12-20 09:14:28,0,6,TRAILER,1073,GREAT DANE TRAILERS,520,GREAT DANE TRAILERS,13436,Great Dane Trailers,2013,,,6,UNITED STATES (USA),INDIANA,BRAZIL,,,61,Trailer,,,,,,,4,Straight Semi/Semi Trailer,53.000,Dry Freight Van / Reefer Van / Insulated Van,2,,
201901680666,1,1,5L3EX252*JL******,2021-12-20 09:14:28,0,6,TRAILER,3259,"TRAILERMAN TRAILERS, INC.",3345,"TRAILERMAN TRAILERS, INC.",7538,"TRAILERMAN TRAILERS, INC.",2018,,,6,UNITED STATES (USA),MISSOURI,LOUISIANA,,,61,Trailer,,,,,55,Deckover Trailer,,,25.000,Tongue Pull,2,,
201901682599,1,1,1UYVS253*EP******,2021-12-20 09:14:28,0,6,TRAILER,10289,UTILITY TRAILER MANUFACTURING COMPANY,10138,UTILITY TRAILER MANUFACTURER,26222,Utility Trailer Manufacturer,2014,,,6,UNITED STATES (USA),ARKANSAS,PARAGOULD,,,61,Trailer,,,,,36,Van Trailer,4,Straight Semi/Semi Trailer,53.000,,2,,
201901688154,2,1,49TSG202*21******,2021-12-20 09:14:28,0,6,TRAILER,3943,"CONTRACT MANUFACTURER, LLC",1871,CONTRACT MANUFACTURER,5360,CONTRACT MANUFACTURER,2002,,,6,UNITED STATES (USA),OKLAHOMA,MADILL,,,61,Trailer,,,,,182,Stock Trailer,3,Gooseneck,20.000,,2,,
201901689085,2,1,5V8VA532*GM******,2021-12-20 09:14:28,0,6,TRAILER,16522,VANGUARD NATIONAL TRAILER CORPORATION (VNTC),6474,VANGUARD NATIONAL TRAILER CORPORATION (VNTC),17782,VANGUARD NATIONAL TRAILER CORPORATION (VNTC),2016,,,6,UNITED STATES (USA),INDIANA,MONON,,,61,Trailer,,,,,,,,,53.000,Interior Post Aluminum Semi Trailer,2,3,Tandem
201901692597,1,1,1KKVA532*HL******,2021-12-20 09:14:28,0,6,TRAILER,2340,KENTUCKY MANUFACTURING CO.,2048,KENTUCKY MANUFACTURING CO./ KENTUCKY TRAILER/ KENTUCKY TRAILER TECH,5803,Kentucky Manufacturing Co./ Kentucky Trailer/ Kentucky Trailer Tech,2017,,,6,UNITED STATES (USA),KENTUCKY,LOUISVILLE,Kentucky Manufacturing Co.,,61,Trailer,,,,,36,Van Trailer,,,53.000,Body Type - Dry Freight,2,,
201901693235,2,1,1TTF4820*62******,2021-12-20 09:14:28,0,6,TRAILER,8231,TRANSCRAFT CORPORATION,10511,TRANSCRAFT,28401,Transcraft,2006,,,6,UNITED STATES (USA),KENTUCKY,MOUNT STERLING,,,61,Trailer,,,,,6,Flat Bed Trailer/Platform Trailer,6,Kingpin,48.000,Platform,2,,
201901696838,1,1,1UYVS248*BM******,2021-12-20 09:14:28,0,6,TRAILER,10289,UTILITY TRAILER MANUFACTURING COMPANY,10138,UTILITY TRAILER MANUFACTURER,26222,Utility Trailer Manufacturer,2011,,,6,UNITED STATES (USA),VIRGINIA,MARION,,,61,Trailer,,,,,36,Van Trailer,4,Straight Semi/Semi Trailer,48.000,,2,,
201901698278,2,1,4KNUT182*CL******,2021-12-20 09:14:29,0,6,TRAILER,16566,"MONROE TOWMASTER, LLC",9174,TOWMASTER INC.,23410,Towmaster Inc.,2012,Towmaster,,6,UNITED STATES (USA),MINNESOTA,LITCHFIELD,,,61,Trailer,,,,,16,Utility Trailer,,,18.000,,2,,
201901698790,1,1,1GRAA962*FT******,2021-12-20 09:14:29,0,6,TRAILER,1073,GREAT DANE TRAILERS,520,GREAT DANE TRAILERS,13436,Great Dane Trailers,2015,,,6,UNITED STATES (USA),INDIANA,TERRE HAUTE,,,61,Trailer,,,,,,,4,Straight Semi/Semi Trailer,48.000,Dry Freight Van / Reefer Van / Insulated Van,2,,
201901699232,2,1,1MT2N532*DH******,2021-12-20 09:14:29,0,6,TRAILER,8092,MERRITT TRAILERS INC.,2353,MERRITT,29522,Merritt,2013,,,6,UNITED STATES (USA),COLORADO,HENDERSON,Merritt Equipment Co.,,61,Trailer,,,,,13,Livestock Trailer,4,Straight Semi/Semi Trailer,53.000,,2,,
201901699872,1,1,1GRAP062*CT******,2021-12-20 09:14:29,0,6,TRAILER,1073,GREAT DANE TRAILERS,520,GREAT DANE TRAILERS,13436,Great Dane Trailers,2012,,,6,UNITED STATES (USA),INDIANA,TERRE HAUTE,,,61,Trailer,,,,,,,4,Straight Semi/Semi Trailer,53.000,Dry Freight Van / Reefer Van / Insulated Van,2,,
201901703542,1,1,1GR1P062*LK******,2021-12-20 09:14:29,0,6,TRAILER,1073,GREAT DANE TRAILERS,520,GREAT DANE TRAILERS,13436,Great Dane Trailers,2020,,,6,UNITED STATES (USA),ILLINOIS,KEWANEE,,,61,Trailer,,,,,,,6,Kingpin,53.000,"Semitrailer - dry freight, reefer, or insulated van",2,,
201901703542,2,1,1E1F9U28*3R******,2021-12-20 09:14:29,0,6,TRAILER,5338,EAST MANUFACTURING CORP.,1334,EAST MANUFACTURING CORP.,4686,East Manufacturing Corp,2003,,,6,UNITED STATES (USA),OHIO,RANDOLPH,,,61,Trailer,9,"Class 8: 33,001 lb and above (14,969 kg and above)",,,,,,,40.000,Frameless Trailer,2,,
201901704163,1,1,1GRAA062*8T******,2021-12-20 09:14:29,0,6,TRAILER,1073,GREAT DANE TRAILERS,520,GREAT DANE TRAILERS,13436,Great Dane Trailers,2008,,,6,UNITED STATES (USA),INDIANA,TERRE HAUTE,,Effective 03/01/00,61,Trailer,,,,,36,Van Trailer,4,Straight Semi/Semi Trailer,53.000,Trailer Type = Dry Freight/ Reefer/ Insulated Van,2,,
201901708626,2,1,1UYFS248*DA******,2021-12-20 09:14:29,0,6,TRAILER,10289,UTILITY TRAILER MANUFACTURING COMPANY,10138,UTILITY TRAILER MANUFACTURER,26222,Utility Trailer Manufacturer,2013,,,6,UNITED STATES (USA),ALABAMA,ENTERPRISE,,,61,Trailer,,,,,6,Flat Bed Trailer/Platform Trailer,4,Straight Semi/Semi Trailer,48.000,,2,,
201901714026,2,1,48X1F372*G1******,2021-12-20 09:14:29,0,6,TRAILER,10839,"TRAVIS BODY & TRAILER, INC.",3520,"TRAVIS BODY & TRAILER, INC.",7868,"TRAVIS BODY & TRAILER, INC.",2016,,,6,UNITED STATES (USA),TEXAS,HOUSTON,,,61,Trailer,,,,,4,Dump Trailer/Dumping Trailer,30,Other,37.000,Tumer ARx43,2,,
201901714528,2,1,1UYFS245*SA******,2021-12-20 09:14:29,0,6,TRAILER,10289,UTILITY TRAILER MANUFACTURING COMPANY,10138,UTILITY TRAILER MANUFACTURER,26222,Utility Trailer Manufacturer,1995,,,6,UNITED STATES (USA),ALABAMA,ENTERPRISE,,,61,Trailer,,,,,6,Flat Bed Trailer/Platform Trailer,4,Straight Semi/Semi Trailer,45.000,,2,,
201901717581,2,1,1JJV532W*7L******,2021-12-20 09:14:29,0,6,TRAILER,14508,WABASH NATIONAL CORPORATION,4847,WABASH NATIONAL CORPORATION,13327,Wabash National Corporation,2007,,,6,UNITED STATES (USA),INDIANA,LAFAYETTE,,,61,Trailer,,,,,36,Van Trailer,,,53.000,,2,,
201901720898,2,1,4WW4432A*F7******,2021-12-20 09:14:29,0,6,TRAILER,11681,WILSON TRAILER CO.,3855,WILSON TRAILER CO.,8390,Wilson Trailer Co.,2015,,,6,UNITED STATES (USA),SOUTH DAKOTA,LENNOX,,Type of suspension: Air Ride,61,Trailer,,,,,33,Grain Trailer,,,43.000,,2,,
201901721084,1,1,1TTF5320*62******,2021-12-20 09:14:29,0,6,TRAILER,8231,TRANSCRAFT CORPORATION,10511,TRANSCRAFT,28401,Transcraft,2006,,,6,UNITED STATES (USA),KENTUCKY,MOUNT STERLING,,,61,Trailer,,,,,6,Flat Bed Trailer/Platform Trailer,6,Kingpin,53.000,Platform,2,,
201901726962,2,1,48X6F352*E1******,2021-12-20 09:14:30,0,6,TRAILER,10839,"TRAVIS BODY & TRAILER, INC.",3520,"TRAVIS BODY & TRAILER, INC.",7868,"TRAVIS BODY & TRAILER, INC.",2014,,,6,UNITED STATES (USA),TEXAS,HOUSTON,,,61,Trailer,,,,,45,Dolly,,,35.000,Tumer ARx43,2,,
201901728151,1,1,1GRAA062*CJ******,2021-12-20 09:14:30,0,6,TRAILER,1073,GREAT DANE TRAILERS,520,GREAT DANE TRAILERS,13436,Great Dane Trailers,2012,,,6,UNITED STATES (USA),ARKANSAS,JONESBORO,,"Jacksonville Florida (ended 02/1988); Jonesboro, Arkansas (effective 09/03/02)",61,Trailer,,,,,,,4,Straight Semi/Semi Trailer,53.000,Dry Freight Van / Reefer Van / Insulated Van,2,,
201901728151,3,1,1JJV241W*3L******,2021-12-20 09:14:30,0,6,TRAILER,14508,WABASH NATIONAL CORPORATION,4847,WABASH NATIONAL CORPORATION,13327,Wabash National Corporation,2003,,,6,UNITED STATES (USA),INDIANA,LAFAYETTE,,,61,Trailer,,,,,36,Van Trailer,,,24.000,,1,,
201901729132,1,1,5V8VC532*AM******,2021-12-20 09:14:30,0,6,TRAILER,16522,VANGUARD NATIONAL TRAILER CORPORATION (VNTC),6474,VANGUARD NATIONAL TRAILER CORPORATION (VNTC),17782,VANGUARD NATIONAL TRAILER CORPORATION (VNTC),2010,,,6,UNITED STATES (USA),INDIANA,MONON,,,61,Trailer,,,,,,,,,53.000,Dry Freight Van,2,3,Tandem
201901729326,1,1,1E1D2M48*KR******,2021-12-20 09:14:30,0,6,TRAILER,5338,EAST MANUFACTURING CORP.,1334,EAST MANUFACTURING CORP.,4686,East Manufacturing Corp,2019,,,,,OHIO,RANDOLPH,,,61,Trailer,9,"Class 8: 33,001 lb and above (14,969 kg and above)",,,4,Dump Trailer/Dumping Trailer,30,Other,28.000,Aluminum Frame,4,,
201901733898,2,1,5JYLT402*KP******,2021-12-20 09:14:30,0,6,TRAILER,2290,PITTS ENTERPRISES INC,2831,PITTS TRAILERS,6775,Pitts Trailers,2019,,,6,UNITED STATES (USA),ALABAMA,PITTSVIEW,,,61,Trailer,,,,,,,4,Straight Semi/Semi Trailer,40.000,,2,,
201901735088,2,1,1UYVS253*DM******,2021-12-20 09:14:30,0,6,TRAILER,10289,UTILITY TRAILER MANUFACTURING COMPANY,10138,UTILITY TRAILER MANUFACTURER,26222,Utility Trailer Manufacturer,2013,,,6,UNITED STATES (USA),VIRGINIA,MARION,,,61,Trailer,,,,,36,Van Trailer,4,Straight Semi/Semi Trailer,53.000,,2,,
201901737304,2,1,4WWFGE0B*9N******,2021-12-20 09:14:30,0,6,TRAILER,11681,WILSON TRAILER CO.,3855,WILSON TRAILER CO.,8390,Wilson Trailer Co.,2009,ALUMINUM CROSSBAR - 15 INCH CENTERS (CF-CFD),,6,UNITED STATES (USA),MISSOURI,MOBERLY,Plant 6,,61,Trailer,,,,,6,Flat Bed Trailer/Platform Trailer,,,52.000,Type of Trailer: CENTER FRAME DROPDECK - (CFD),2,,
201901741450,2,1,1JJV532W*9L******,2021-12-20 09:14:30,0,6,TRAILER,14508,WABASH NATIONAL CORPORATION,4847,WABASH NATIONAL CORPORATION,13327,Wabash National Corporation,2009,,,6,UNITED STATES (USA),INDIANA,LAFAYETTE,,,61,Trailer,,,,,36,Van Trailer,,,53.000,,2,,
201901742542,1,1,1GRDM962*EM******,2021-12-20 09:14:30,0,6,TRAILER,1073,GREAT DANE TRAILERS,520,GREAT DANE TRAILERS,13436,Great Dane Trailers,2014,,,6,UNITED STATES (USA),TENNESSEE,MEMPHIS,,,61,Trailer,,,,,,,4,Straight Semi/Semi Trailer,48.000,Platform,2,,
201901745758,1,1,1DW1A532*GS******,2021-12-20 09:14:30,0,6,TRAILER,13506,"STOUGHTON TRAILERS, INC.",3414,STOUGHTON TRAILERS,7701,Stoughton trailers,2016,,,6,UNITED STATES (USA),WISCONSIN,STOUGHTON,"Stoughton Trailers, INC",,61,Trailer,,,,,36,Van Trailer,4,Straight Semi/Semi Trailer,53.000,,2,,
201901749365,1,1,4JEBB191*T1******,2021-12-20 09:14:30,0,6,TRAILER,3618,JOHNSTON ACQUISITION CORP,7339,EAGLE TRAILER,19682,Spirit,1996,,,6,UNITED STATES (USA),MICHIGAN,WYANDOTTE,Johnson Acquisition Corporation,,61,Trailer,,,,,2,Boat Trailer,,,19.000,,1,,
201901754438,1,1,1JJV281W*7L******,2021-12-20 09:14:30,0,6,TRAILER,14508,WABASH NATIONAL CORPORATION,4847,WABASH NATIONAL CORPORATION,13327,Wabash National Corporation,2007,,,6,UNITED STATES (USA),INDIANA,LAFAYETTE,,,61,Trailer,,,,,36,Van Trailer,,,28.000,,1,,
201901754438,1,2,1GRAP561*EK******,2021-12-20 09:14:30,0,6,TRAILER,1073,GREAT DANE TRAILERS,520,GREAT DANE TRAILERS,13436,Great Dane Trailers,2014,,,6,UNITED STATES (USA),ILLINOIS,KEWANEE,,,61,Trailer,,,,,,,4,Straight Semi/Semi Trailer,28.000,Dry Freight Van / Reefer Van / Insulated Van,1,,
201901756128,1,1,1GRAA962*TS******,2021-12-20 09:14:31,0,6,TRAILER,1073,GREAT DANE TRAILERS,520,GREAT DANE TRAILERS,13436,Great Dane Trailers,1996,,,6,UNITED STATES (USA),GEORGIA,SAVANNAH,,,61,Trailer,,,,,36,Van Trailer,4,Straight Semi/Semi Trailer,48.000,Trailer Type = Dry Freight/ Reefer/ Insulated Van,2,,
201901756464,1,1,4WW5482A*E6******,2021-12-20 09:14:31,0,6,TRAILER,11681,WILSON TRAILER CO.,3855,WILSON TRAILER CO.,8390,Wilson Trailer Co.,2014,,,6,UNITED STATES (USA),MISSOURI,MOBERLY,,Type of suspension: Air Ride,61,Trailer,,,,,6,Flat Bed Trailer/Platform Trailer,,,48.000,,2,,
201901757111,2,1,4KNUC162*6L******,2021-12-20 09:14:31,0,6,TRAILER,16566,"MONROE TOWMASTER, LLC",9174,TOWMASTER INC.,23410,Towmaster Inc.,2006,Contrail,,6,UNITED STATES (USA),MINNESOTA,LITCHFIELD,,,61,Trailer,,,,,16,Utility Trailer,,,16.000,,2,,
201901759446,1,1,1GRAA561*CB******,2021-12-20 09:14:31,0,6,TRAILER,1073,GREAT DANE TRAILERS,520,GREAT DANE TRAILERS,13436,Great Dane Trailers,2012,,,6,UNITED STATES (USA),INDIANA,BRAZIL,,,61,Trailer,,,,,,,4,Straight Semi/Semi Trailer,28.000,Dry Freight Van / Reefer Van / Insulated Van,1,,
201901766522,1,1,4WWFPB00*1N******,2021-12-20 09:14:31,0,6,TRAILER,11681,WILSON TRAILER CO.,3855,WILSON TRAILER CO.,8390,Wilson Trailer Co.,2001,ALUMINUM CROSSBAR - 18 INCH CENTERS (CF-CFD),,6,UNITED STATES (USA),MISSOURI,MOBERLY,Plant 6,,61,Trailer,,,,,6,Flat Bed Trailer/Platform Trailer,,,52.000,Type of Trailer: CENTER FRAME DROPDECK - (CFD),,,
201901768382,2,1,10BAB723*AF******,2021-12-20 09:14:31,1,6,TRAILER,5083,BRENNER TANK LLC,1590,BRENNER TANK,5687,Brenner Tank,2010,,,6,UNITED STATES (USA),WISCONSIN,FOND DU LAC,Brenner Tank LLC.,,61,Trailer,,,,,15,Tank Trailer,,,,Type of Trailer: Non-Code. Carries food products or other non-hazardous materials.,2,3,Tandem
201901770271,1,1,3H3V532C*4T******,2021-12-20 09:14:31,0,6,TRAILER,14282,"HYUNDAI DE MEXICO, S.A. DE C.V.",4876,HYUNDAI TRANSLEAD TRAILERS,11496,Hyundai Translead Trailers,2004,,,12,MEXICO,BAJA CALIFORNIA,TIJUANA,,,61,Trailer,,,,,36,Van Trailer,,,53.000,Material: Aluminum/Steel,2,,
201901775921,1,1,4X4TWBJ2*JU******,2021-12-20 09:14:31,0,6,TRAILER,1084,"FOREST RIVER, INC.",531,FOREST RIVER,2594,Wildwood Laminated Towables,2018,,,6,UNITED STATES (USA),INDIANA,GOSHEN,,Address: 2020 Century Dr.,61,Trailer,,,,,21,Travel Trailer,,,33.000,,2,,
201901785322,2,1,1JJV281D*DL******,2021-12-20 09:14:31,0,6,TRAILER,14508,WABASH NATIONAL CORPORATION,4847,WABASH NATIONAL CORPORATION,10942,Dry Van Duraplate,2013,,,6,UNITED STATES (USA),INDIANA,LAFAYETTE,,,61,Trailer,,,,,36,Van Trailer,,,28.000,,1,,
201901785322,2,2,1JJV281D*FL******,2021-12-20 09:14:31,0,6,TRAILER,14508,WABASH NATIONAL CORPORATION,4847,WABASH NATIONAL CORPORATION,10942,Dry Van Duraplate,2015,,,6,UNITED STATES (USA),INDIANA,LAFAYETTE,,,61,Trailer,,,,,36,Van Trailer,,,28.000,,1,,
201901786600,2,1,1UYVS248*EM******,2021-12-20 09:14:31,0,6,TRAILER,10289,UTILITY TRAILER MANUFACTURING COMPANY,10138,UTILITY TRAILER MANUFACTURER,26222,Utility Trailer Manufacturer,2014,,,6,UNITED STATES (USA),VIRGINIA,MARION,,,61,Trailer,,,,,36,Van Trailer,4,Straight Semi/Semi Trailer,48.000,,2,,
201901788645,1,1,1GRDM962*YM******,2021-12-20 09:14:31,0,6,TRAILER,1073,GREAT DANE TRAILERS,520,GREAT DANE TRAILERS,13436,Great Dane Trailers,2000,,,6,UNITED STATES (USA),TENNESSEE,MEMPHIS,,,61,Trailer,,,,,61,Drop Deck Trailer,4,Straight Semi/Semi Trailer,48.000,Body Type = Straight Deck/ Extendable,2,,
201901789857,1,1,4B9AE162*J1140***,2021-12-20 09:14:31,0,6,TRAILER,17255,BMT MANUFACTURING LLC,8063,BETTER MADE TRAILERS,21536,Better Made Trailers,2018,,,6,UNITED STATES (USA),TENNESSEE,JACKSONVILLE,,,61,Trailer,,,,,23,Equipment Trailer,31,Ball Hitch,16.000,,2,,
201901800375,1,1,4YDF3182*GB******,2021-12-20 09:14:32,0,6,TRAILER,2347,KEYSTONE RV,7615,KEYSTONE,20555,Keystone,2016,,,6,UNITED STATES (USA),INDIANA,GOSHEN,50,Arbitrary Final Digit,61,Trailer,,,,,26,Fifth Wheel,5,Fifth Wheel,31.000,Recreational Vehicle,2,,
201901802108,2,1,1UYVS253*3M******,2021-12-20 09:14:32,0,6,TRAILER,10289,UTILITY TRAILER MANUFACTURING COMPANY,10138,UTILITY TRAILER MANUFACTURER,26222,Utility Trailer Manufacturer,2003,,,6,UNITED STATES (USA),VIRGINIA,MARION,,,61,Trailer,,,,,36,Van Trailer,4,Straight Semi/Semi Trailer,53.000,,2,,
201901802623,1,1,1UYVS253*GP******,2021-12-20 09:14:32,0,6,TRAILER,10289,UTILITY TRAILER MANUFACTURING COMPANY,10138,UTILITY TRAILER MANUFACTURER,26222,Utility Trailer Manufacturer,2016,,,6,UNITED STATES (USA),ARKANSAS,PARAGOULD,,,61,Trailer,,,,,36,Van Trailer,4,Straight Semi/Semi Trailer,53.000,,2,,
201901809972,1,1,1C9B1101*1B776***,2021-12-20 09:14:32,0,6,TRAILER,4542,"CARGO PRO, INC.",7488,"CARGO PRO, INC",20329,"Cargo Pro, Inc Trailer",2001,,,6,UNITED STATES (USA),INDIANA,BRISTOL,,,61,Trailer,,,,,51,Box Trailer,1,Ball Type Pull,10.000,Rectangular Tube,1,,
201901812586,2,1,53BPTEA1*LU******,2021-12-20 09:14:32,0,6,TRAILER,6339,"LGS INDUSTRIES, INC.",1919,LGS INDUSTRIES,5448,Pace,2020,,,6,UNITED STATES (USA),GEORGIA,,,,61,Trailer,,,,,5,Enclosed Trailer,,,,Type of Trailer: Tag,1,,
201901813005,2,1,1GRAA062*8T******,2021-12-20 09:14:32,0,6,TRAILER,1073,GREAT DANE TRAILERS,520,GREAT DANE TRAILERS,13436,Great Dane Trailers,2008,,,6,UNITED STATES (USA),INDIANA,TERRE HAUTE,,Effective 03/01/00,61,Trailer,,,,,36,Van Trailer,4,Straight Semi/Semi Trailer,53.000,Trailer Type = Dry Freight/ Reefer/ Insulated Van,2,,
201901813343,2,1,1JJV281D*KL******,2021-12-20 09:14:32,0,6,TRAILER,14508,WABASH NATIONAL CORPORATION,4847,WABASH NATIONAL CORPORATION,10942,Dry Van Duraplate,2019,,,6,UNITED STATES (USA),INDIANA,LAFAYETTE,,,61,Trailer,,,,,36,Van Trailer,,,28.000,,1,,
201901815401,2,1,1GRAA802*8B******,2021-12-20 09:14:32,0,6,TRAILER,1073,GREAT DANE TRAILERS,520,GREAT DANE TRAILERS,13436,Great Dane Trailers,2008,,,6,UNITED STATES (USA),INDIANA,BRAZIL,,,61,Trailer,,,,,36,Van Trailer,4,Straight Semi/Semi Trailer,40.000,Trailer Type = Dry Freight/ Reefer/ Insulated Van,2,,
201901820056,1,1,1TTF532A*F3******,2021-12-20 09:14:32,0,6,TRAILER,8231,TRANSCRAFT CORPORATION,10512,BENSON,27664,Aluminium Flatbed,2015,,,6,UNITED STATES (USA),KENTUCKY,CADIZ,,,61,Trailer,,,,,6,Flat Bed Trailer/Platform Trailer,6,Kingpin,53.000,,2,,
201901821006,2,1,5MC51542*8P******,2021-12-20 09:14:32,0,6,TRAILER,5772,"MANAC TRAILERS USA, INC.",3896,MANAC TRAILERS USA,8528,Manac,2008,Steel,,6,UNITED STATES (USA),MISSOURI,ORAN,"Manac Trailers USA, Inc.",,61,Trailer,,,,,132,Open Top Trailer,,,,End Dump Trailer,2,,
201901822190,1,1,5V8VA532*JM******,2021-12-20 09:14:32,0,6,TRAILER,16522,VANGUARD NATIONAL TRAILER CORPORATION (VNTC),6474,VANGUARD NATIONAL TRAILER CORPORATION (VNTC),17782,VANGUARD NATIONAL TRAILER CORPORATION (VNTC),2018,,,6,UNITED STATES (USA),INDIANA,MONON,,,61,Trailer,,,,,,,,,53.000,Interior Post Aluminum Semi Trailer,2,3,Tandem
201901822191,1,1,1GRAP062*3K******,2021-12-20 09:14:32,0,6,TRAILER,1073,GREAT DANE TRAILERS,520,GREAT DANE TRAILERS,13436,Great Dane Trailers,2003,,,6,UNITED STATES (USA),ILLINOIS,KEWANEE,,Effective 01/01/00,61,Trailer,,,,,36,Van Trailer,4,Straight Semi/Semi Trailer,53.000,Trailer Type = Dry Freight/ Reefer/ Insulated Van,2,,
201901826728,2,1,1GRAP062*GT******,2021-12-20 09:14:32,0,6,TRAILER,1073,GREAT DANE TRAILERS,520,GREAT DANE TRAILERS,13436,Great Dane Trailers,2016,,,6,UNITED STATES (USA),INDIANA,TERRE HAUTE,,,61,Trailer,,,,,,,4,Straight Semi/Semi Trailer,53.000,Dry Freight Van / Reefer Van / Insulated Van,2,,
201901827871,2,1,1GRDM962*FH******,2021-12-20 09:14:32,0,6,TRAILER,1073,GREAT DANE TRAILERS,520,GREAT DANE TRAILERS,13436,Great Dane Trailers,2015,,,6,UNITED STATES (USA),TENNESSEE,HUNTSVILLE,,,61,Trailer,,,,,,,4,Straight Semi/Semi Trailer,48.000,Platform,2,,
201901827896,1,1,1M5BA171*L1******,2021-12-20 09:14:33,0,6,TRAILER,13552,MAGIC TILT TRAILERS INC.,4228,MAGIC TILT TRAILERS,9005,Magic Tilt Trailers,2020,,,6,UNITED STATES (USA),FLORIDA,CLEARWATER,,,61,Trailer,,,,,2,Boat Trailer,30,Other,17.000,,1,,
201901833787,1,1,1UYVS253*EM******,2021-12-20 09:14:33,0,6,TRAILER,10289,UTILITY TRAILER MANUFACTURING COMPANY,10138,UTILITY TRAILER MANUFACTURER,26222,Utility Trailer Manufacturer,2014,,,6,UNITED STATES (USA),VIRGINIA,MARION,,,61,Trailer,,,,,36,Van Trailer,4,Straight Semi/Semi Trailer,53.000,,2,,
201901837456,1,1,1HHRTX42*XM******,2021-12-20 09:14:33,0,6,TRAILER,5518,"HACKNEY AND SONS, INC.",5125,"HACKNEY AND SONS, INC.",18775,RTX,1999,,,6,UNITED STATES (USA),,,HSM,Pallet-loaded with side opening compartment (bays) for the pallets.,61,Trailer,,,,,,,6,Kingpin,,40ft < 45ft,2,,
201901840913,1,1,5MADN402*KB******,2021-12-20 09:14:33,0,6,TRAILER,5950,"MAC TRAILER MFG, INC.",6826,MAC TRAILER MANUFACTURING,18288,MAC TRAILER MANUFACTURING,2019,,,6,UNITED STATES (USA),,BILLINGS,SUB CONTRACT 20,,61,Trailer,,,,,4,Dump Trailer/Dumping Trailer,6,Kingpin,40.000,Frameless Body,2,,
201901842343,1,1,4YMBU101*HM******,2021-12-20 09:14:33,0,6,TRAILER,13315,"CARRY-ON TRAILER, INC.",4933,CARRY-ON TRAILER,12040,Carry-On Trailer,2017,,,6,UNITED STATES (USA),IOWA,MISSOURI VALLEY,,,61,Trailer,,,,,32,Open Bed Trailer,1,Ball Type Pull,10.000,,1,,
201901844633,1,1,LJRC4626*H1******,2021-12-20 09:14:33,0,6,TRAILER,9950,"CIMC VEHICLES GROUP CO., LTD.",4101,CIMC VEHICLES GROUP CO,8811,CIMC VEHICLES GROUP CO,2017,,,8,CHINA,,SHENZHEN,,"GVWR = 30,000-34,990kg",61,Trailer,9,"Class 8: 33,001 lb and above (14,969 kg and above)",,,109,Container Chassis/Container Trailer,,,46.000,,2,,
201901846602,1,1,4YMBU101*GT******,2021-12-20 09:14:33,0,6,TRAILER,13315,"CARRY-ON TRAILER, INC.",4933,CARRY-ON TRAILER,12040,Carry-On Trailer,2016,,,6,UNITED STATES (USA),TEXAS,MEXIA,,,61,Trailer,,,,,32,Open Bed Trailer,1,Ball Type Pull,10.000,,1,,
201901849745,2,1,1JJV482D*LL******,2021-12-20 09:14:33,0,6,TRAILER,14508,WABASH NATIONAL CORPORATION,4847,WABASH NATIONAL CORPORATION,10942,Dry Van Duraplate,2020,,,6,UNITED STATES (USA),INDIANA,LAFAYETTE,,,61,Trailer,,,,,36,Van Trailer,,,48.000,,2,,
201901850172,2,1,1JJV402W*3L******,2021-12-20 09:14:33,0,6,TRAILER,14508,WABASH NATIONAL CORPORATION,4847,WABASH NATIONAL CORPORATION,13327,Wabash National Corporation,2003,,,6,UNITED STATES (USA),INDIANA,LAFAYETTE,,,61,Trailer,,,,,36,Van Trailer,,,40.000,,2,,
201901851678,1,1,1UYVS250*DU******,2021-12-20 09:14:33,0,6,TRAILER,10289,UTILITY TRAILER MANUFACTURING COMPANY,10138,UTILITY TRAILER MANUFACTURER,26222,Utility Trailer Manufacturer,2013,,,6,UNITED STATES (USA),UTAH,CLEARFIELD,,,61,Trailer,,,,,36,Van Trailer,4,Straight Semi/Semi Trailer,50.000,,2,,
201901854574,1,1,4RAVS142*JK******,2021-12-20 09:14:33,0,6,TRAILER,16586,"INTERSTATE GROUP, LLC",7701,INTERSTATE WEST CORP,20698,Interstate West Corp,2018,Victory,,6,UNITED STATES (USA),ARIZONA,KINGMAN,,,61,Trailer,,,,,160,Cargo Trailer,1,Ball Type Pull,14.000,Enclosed general cargo,2,,
201901854800,1,1,1J9FS162*21033***,2021-12-20 09:14:33,0,6,TRAILER,16178,J & C MANUFACTURING INC,5745,J & C MFG INC,14995,J & C Mfg Inc Trailer,2002,Standard,,6,UNITED STATES (USA),OKLAHOMA,RUSH SPRINGS,,,61,Trailer,,,,,6,Flat Bed Trailer/Platform Trailer,,,16.000,,2,,
201901855001,1,1,7HCBD142*KM******,2021-12-20 09:14:33,1,6,TRAILER,19404,"TEXAS PRIDE TRAILERS, LLC DBA U.S. BUILT TRAILERS",10148,TEXAS PRIDE TRAILERS,26245,Texas Pride Trailers,2019,,,6,UNITED STATES (USA),TEXAS,MADDISONVILLE,,,61,Trailer,,,,,4,Dump Trailer/Dumping Trailer,1,Ball Type Pull,14.000,,2,,
201901855917,2,1,5HTSN422*47******,2021-12-20 09:14:33,0,6,TRAILER,5564,"HEIL TRAILER INTERNATIONAL, CO",2365,"HEIL TRAILER INTERNATIONAL, CO.",6142,"Heil Trailer International, Co.",2004,,,6,UNITED STATES (USA),TENNESSEE,ATHENS,,Body Shape: Jet,61,Trailer,,,,,103,Bulk,,,42.000,Al Pneumatic,2,,
201901857391,2,1,1TTF532C*H3******,2021-12-20 09:14:34,0,6,TRAILER,8231,TRANSCRAFT CORPORATION,10511,TRANSCRAFT,27663,Combo Steel/Alum Flatbed,2017,,,6,UNITED STATES (USA),KENTUCKY,CADIZ,,,61,Trailer,,,,,6,Flat Bed Trailer/Platform Trailer,6,Kingpin,53.000,,2,,
201901865680,2,1,1HHRTX31*1M******,2021-12-20 09:14:34,0,6,TRAILER,5518,"HACKNEY AND SONS, INC.",5125,"HACKNEY AND SONS, INC.",18775,RTX,2001,,,6,UNITED STATES (USA),,,HSM,Pallet-loaded with side opening compartment (bays) for the pallets.,61,Trailer,,,,,,,6,Kingpin,,35ft < 40 ft,1,,
201901865690,3,1,1RNF48A2*6R******,2021-12-20 09:14:34,0,6,TRAILER,3579,"REITNOUER, INC.",5594,REITNOUER INC,14493,Reitnouer Inc Trailers,2006,,,6,UNITED STATES (USA),PENNSYLVANIA,READING,,,61,Trailer,9,"Class 8: 33,001 lb and above (14,969 kg and above)",,,6,Flat Bed Trailer/Platform Trailer,6,Kingpin,48.000,Airride,2,,
201901868931,1,1,1JJV532D*DL******,2021-12-20 09:14:34,0,6,TRAILER,14508,WABASH NATIONAL CORPORATION,4847,WABASH NATIONAL CORPORATION,10942,Dry Van Duraplate,2013,,,6,UNITED STATES (USA),INDIANA,LAFAYETTE,,,61,Trailer,,,,,36,Van Trailer,,,53.000,,2,,
201901872367,2,1,13N14820*G1******,2021-12-20 09:14:34,0,6,TRAILER,12268,FONTAINE COMMERCIAL PLATFORM,1128,FONTAINE TRAILER CO.,4416,Fontaine Trailer Co.,2016,,,6,UNITED STATES (USA),ALABAMA,HALEYVILLE,,Optional Features: None,61,Trailer,,,,,6,Flat Bed Trailer/Platform Trailer,,,48.000,,2,,
201901872381,1,1,1UYVS253*DP******,2021-12-20 09:14:34,1,6,TRAILER,10289,UTILITY TRAILER MANUFACTURING COMPANY,10138,UTILITY TRAILER MANUFACTURER,26222,Utility Trailer Manufacturer,2013,,,6,UNITED STATES (USA),ARKANSAS,PARAGOULD,,,61,Trailer,,,,,36,Van Trailer,4,Straight Semi/Semi Trailer,53.000,,2,,
201901874040,2,1,1S12GC40*GB******,2021-12-20 09:14:34,0,6,TRAILER,14956,"STRICK TRAILERS, LLC",4977,STRICK COMMERCIAL TRAILER,12176,Strick Commercial Trailer,2016,,,6,UNITED STATES (USA),,BERWICK,,,61,Trailer,,,,,,,,,40.000,Semi-Trailer/Gooseneck Chassis,2,3,Tandem
201901874456,2,1,1PMA2432*Y5******,2021-12-20 09:14:34,0,6,TRAILER,6179,"POLAR TANK TRAILER, LLC",2921,POLAR TANK TRAILER,6874,Polar Tank Trailer,2000,,,6,UNITED STATES (USA),MISSOURI,SPRINGFIELD,,,61,Trailer,,,,,15,Tank Trailer,30,Other,43.000,Vessel Code: DOT 406,2,,
201901882490,1,1,4P5D9162*B1******,2021-12-20 09:14:34,0,6,TRAILER,16013,"PJ TRAILERS MANUFACTURING, INC.",6060,PJ,28324,PJ,2011,,,6,UNITED STATES (USA),TEXAS,SUMNER,,,61,Trailer,,,,,4,Dump Trailer/Dumping Trailer,30,Other,16.000,Variable HITCH based on Size/Type of Trailer,2,,
201901886623,1,1,1WUYDCCE*GU******,2021-12-20 09:14:34,0,3,TRUCK,15846,VOLVO WHITE TRUCK CORPORATION,5396,WHITE,13946,Conventional Sleeper Medium,2016,,,6,UNITED STATES (USA),UTAH,OGDEN,,Position 5 is used by Volvo White for internal purposed and consists of alpha and numeric characters.,11,Truck,9,"Class 8: 33,001 lb and above (14,969 kg and above)",,,0,Not Applicable,0,Not Applicable,,,,,
201901887326,2,1,1S12GC40*NB******,2021-12-20 09:14:34,0,6,TRAILER,14956,"STRICK TRAILERS, LLC",4977,STRICK COMMERCIAL TRAILER,12176,Strick Commercial Trailer,2022,,,6,UNITED STATES (USA),,BERWICK,,,61,Trailer,,,,,,,,,40.000,Semi-Trailer/Gooseneck Chassis,2,3,Tandem
201901888473,1,1,1JJV532B*HL******,2021-12-20 09:14:34,0,6,TRAILER,14508,WABASH NATIONAL CORPORATION,4847,WABASH NATIONAL CORPORATION,10945,Refrigerated Van,2017,,,6,UNITED STATES (USA),INDIANA,LAFAYETTE,,,61,Trailer,,,,,36,Van Trailer,,,53.000,,2,,
201901888668,1,1,1UYVS253*FP******,2021-12-20 09:14:34,0,6,TRAILER,10289,UTILITY TRAILER MANUFACTURING COMPANY,10138,UTILITY TRAILER MANUFACTURER,26222,Utility Trailer Manufacturer,2015,,,6,UNITED STATES (USA),ARKANSAS,PARAGOULD,,,61,Trailer,,,,,36,Van Trailer,4,Straight Semi/Semi Trailer,53.000,,2,,
201901892539,2,1,1GRAA962*1S******,2021-12-20 09:14:35,0,6,TRAILER,1073,GREAT DANE TRAILERS,520,GREAT DANE TRAILERS,13436,Great Dane Trailers,2001,,,6,UNITED STATES (USA),GEORGIA,SAVANNAH,,,61,Trailer,,,,,36,Van Trailer,4,Straight Semi/Semi Trailer,48.000,Trailer Type = Dry Freight/ Reefer/ Insulated Van,2,,
201901893679,1,1,5GLBE162*JC******,2021-12-20 09:14:35,0,6,TRAILER,15975,G.T. EXPRESS ENTERPRISES. INC.,5570,EXPRESS TRAILERS INC,14388,Express Trailers Inc,2018,,,6,UNITED STATES (USA),FLORIDA,CLEARWATER,,,61,Trailer,,,,,5,Enclosed Trailer,14,Bumper Pull,16.000,,2,,
201901894493,1,1,1UYVS253*CM******,2021-12-20 09:14:35,0,6,TRAILER,10289,UTILITY TRAILER MANUFACTURING COMPANY,10138,UTILITY TRAILER MANUFACTURER,26222,Utility Trailer Manufacturer,2012,,,6,UNITED STATES (USA),VIRGINIA,MARION,,,61,Trailer,,,,,36,Van Trailer,4,Straight Semi/Semi Trailer,53.000,,2,,
201901898886,2,1,48X7L322*21******,2021-12-20 09:14:35,0,6,TRAILER,10839,"TRAVIS BODY & TRAILER, INC.",3520,"TRAVIS BODY & TRAILER, INC.",7868,"TRAVIS BODY & TRAILER, INC.",2002,,,6,UNITED STATES (USA),TEXAS,HOUSTON,,,61,Trailer,,,,,119,Steel Body/Frame,,,32.000,WC7X43P (HD),2,,
201901901820,2,1,1JJV532D*CL******,2021-12-20 09:14:35,0,6,TRAILER,14508,WABASH NATIONAL CORPORATION,4847,WABASH NATIONAL CORPORATION,10942,Dry Van Duraplate,2012,,,6,UNITED STATES (USA),INDIANA,LAFAYETTE,,,61,Trailer,,,,,36,Van Trailer,,,53.000,,2,,
201901905239,1,1,1GRAA062*AB******,2021-12-20 09:14:35,0,6,TRAILER,1073,GREAT DANE TRAILERS,520,GREAT DANE TRAILERS,13436,Great Dane Trailers,2010,,,6,UNITED STATES (USA),INDIANA,BRAZIL,,,61,Trailer,,,,,36,Van Trailer,4,Straight Semi/Semi Trailer,53.000,Trailer Type = Dry Freight/ Reefer/ Insulated Van,2,,
201901907867,1,1,1JJV532B*KL******,2021-12-20 09:14:35,0,6,TRAILER,14508,WABASH NATIONAL CORPORATION,4847,WABASH NATIONAL CORPORATION,10945,Refrigerated Van,2019,,,6,UNITED STATES (USA),INDIANA,LAFAYETTE,,,61,Trailer,,,,,36,Van Trailer,,,53.000,,2,,
201901908894,1,1,1DW1A532*HS******,2021-12-20 09:14:35,0,6,TRAILER,13506,"STOUGHTON TRAILERS, INC.",3414,STOUGHTON TRAILERS,7701,Stoughton trailers,2017,,,6,UNITED STATES (USA),WISCONSIN,STOUGHTON,"Stoughton Trailers, INC",,61,Trailer,,,,,36,Van Trailer,4,Straight Semi/Semi Trailer,53.000,,2,,
201901911182,1,1,3H3V452C*JT******,2021-12-20 09:14:35,0,6,TRAILER,14282,"HYUNDAI DE MEXICO, S.A. DE C.V.",4876,HYUNDAI TRANSLEAD TRAILERS,11496,Hyundai Translead Trailers,2018,,,12,MEXICO,BAJA CALIFORNIA,TIJUANA,,,61,Trailer,,,,,36,Van Trailer,,,45.000,Material: Aluminum/Steel,2,,
201901911286,2,1,1GRDM962*5M******,2021-12-20 09:14:35,0,6,TRAILER,1073,GREAT DANE TRAILERS,520,GREAT DANE TRAILERS,13436,Great Dane Trailers,2005,,,6,UNITED STATES (USA),TENNESSEE,MEMPHIS,,,61,Trailer,,,,,6,Flat Bed Trailer/Platform Trailer,4,Straight Semi/Semi Trailer,48.000,Body Type = Straight Deck/ Extendable,2,,
201901918351,1,1,4P5CC182*K1******,2021-12-20 09:14:35,0,6,TRAILER,16013,"PJ TRAILERS MANUFACTURING, INC.",6060,PJ,28324,PJ,2019,,,6,UNITED STATES (USA),TEXAS,SUMNER,,,61,Trailer,,,,,101,Other,30,Other,18.000,Variable HITCH based on Size/Type of Trailer,2,,
201901919766,1,1,5V8VC532*FM******,2021-12-20 09:14:35,0,6,TRAILER,16522,VANGUARD NATIONAL TRAILER CORPORATION (VNTC),6474,VANGUARD NATIONAL TRAILER CORPORATION (VNTC),17782,VANGUARD NATIONAL TRAILER CORPORATION (VNTC),2015,,,6,UNITED STATES (USA),INDIANA,MONON,,,61,Trailer,,,,,,,,,53.000,Dry Freight Van,2,3,Tandem
201901931947,2,1,1UFFS162*8T******,2021-12-20 09:14:36,0,6,TRAILER,16104,CLINT R WOODS INC,5696,AA WELDING,14915,AA Welding,2008,,,6,UNITED STATES (USA),TEXAS,MT. PLEASANT,,,61,Trailer,,,,,6,Flat Bed Trailer/Platform Trailer,30,Other,16.000,Standard Connection,2,,
201901931956,1,1,1JJV532D*HL******,2021-12-20 09:14:36,0,6,TRAILER,14508,WABASH NATIONAL CORPORATION,4847,WABASH NATIONAL CORPORATION,10942,Dry Van Duraplate,2017,,,6,UNITED STATES (USA),INDIANA,LAFAYETTE,,,61,Trailer,,,,,36,Van Trailer,,,53.000,,2,,
201901933241,1,1,1UYVS253*FM******,2021-12-20 09:14:36,0,6,TRAILER,10289,UTILITY TRAILER MANUFACTURING COMPANY,10138,UTILITY TRAILER MANUFACTURER,26222,Utility Trailer Manufacturer,2015,,,6,UNITED STATES (USA),VIRGINIA,MARION,,,61,Trailer,,,,,36,Van Trailer,4,Straight Semi/Semi Trailer,53.000,,2,,
201901935577,1,1,1GRAA561*AK******,2021-12-20 09:14:36,0,6,TRAILER,1073,GREAT DANE TRAILERS,520,GREAT DANE TRAILERS,13436,Great Dane Trailers,2010,,,6,UNITED STATES (USA),ILLINOIS,KEWANEE,,Effective 01/01/00,61,Trailer,,,,,36,Van Trailer,4,Straight Semi/Semi Trailer,28.000,Trailer Type = Dry Freight/ Reefer/ Insulated Van,1,,
201901937037,2,1,1PMS1432*D1******,2021-12-20 09:14:36,0,6,TRAILER,6179,"POLAR TANK TRAILER, LLC",2921,POLAR TANK TRAILER,6874,Polar Tank Trailer,2013,,,6,UNITED STATES (USA),MINNESOTA,OPOLE,,,61,Trailer,,,,,15,Tank Trailer,,,43.000,Vessel Code: Non-Code,2,,
201901945338,1,1,4V4MC9GF*5N******,2021-12-20 09:14:36,0,3,TRUCK,1015,"VOLVO GROUP NORTH AMERICA, LLC",487,VOLVO TRUCK,1966,VNM,2005,,,6,UNITED STATES (USA),VIRGINIA,NEW RIVER VALLEY DUBLIN,,Cab Type: Conventional - New Generation,66,Truck-Tractor,9,"Class 8: 33,001 lb and above (14,969 kg and above)",,,0,Not Applicable,0,Not Applicable,,,,,
201901945804,2,1,53FBE121*JF******,2021-12-20 09:14:36,0,6,TRAILER,7521,COVERED WAGON TRAILERS LLC.,6356,COVERED WAGON TRAILERS,17587,Covered Wagon Trailers,2018,,,6,UNITED STATES (USA),GEORGIA,FITZGERALD,,,61,Trailer,,,,,160,Cargo Trailer,14,Bumper Pull,12.000,Enclosed - General Cargo,1,,
201901946380,2,1,1JJV532W*5L******,2021-12-20 09:14:36,0,6,TRAILER,14508,WABASH NATIONAL CORPORATION,4847,WABASH NATIONAL CORPORATION,13327,Wabash National Corporation,2005,,,6,UNITED STATES (USA),INDIANA,LAFAYETTE,,,61,Trailer,,,,,36,Van Trailer,,,53.000,,2,,
201901947370,1,1,5MADN352*6C******,2021-12-20 09:14:36,0,6,TRAILER,5950,"MAC TRAILER MFG, INC.",6826,MAC TRAILER MANUFACTURING,18288,MAC TRAILER MANUFACTURING,2006,,,6,UNITED STATES (USA),OHIO,ALLIANCE,,Commerce Street,61,Trailer,,,,,4,Dump Trailer/Dumping Trailer,,,35.000,No Frame,2,,
201901948903,2,1,5DN15442*GB******,2021-12-20 09:14:36,0,6,TRAILER,8543,WESTERN TRAILER COMPANY,3808,WESTERN TRAILER COMPANY,8295,Western Trailer Company,2016,,,6,UNITED STATES (USA),IDAHO,BOISE,Western Trailer Company,,61,Trailer,,,,,,,4,Straight Semi/Semi Trailer,44.000,Transfer (Express Belt),2,,
201901950218,1,1,1S12SC23*KB******,2021-12-20 09:14:36,0,6,TRAILER,14956,"STRICK TRAILERS, LLC",4977,STRICK COMMERCIAL TRAILER,12176,Strick Commercial Trailer,2019,,,6,UNITED STATES (USA),,BERWICK,,,61,Trailer,,,,,,,,,23.000,Semi-Trailer/Straight Frame Chassis,2,3,Tandem
201901951182,2,1,1GRAA062*8G******,2021-12-20 09:14:36,0,6,TRAILER,1073,GREAT DANE TRAILERS,520,GREAT DANE TRAILERS,13436,Great Dane Trailers,2008,,,6,UNITED STATES (USA),MISSISSIPPI,GREENVILLE,,Effective 01/01/00,61,Trailer,,,,,36,Van Trailer,4,Straight Semi/Semi Trailer,53.000,Trailer Type = Dry Freight/ Reefer/ Insulated Van,2,,
201901953677,1,1,5V8VC532*KM******,2021-12-20 09:14:36,0,6,TRAILER,16522,VANGUARD NATIONAL TRAILER CORPORATION (VNTC),6474,VANGUARD NATIONAL TRAILER CORPORATION (VNTC),17782,VANGUARD NATIONAL TRAILER CORPORATION (VNTC),2019,,,6,UNITED STATES (USA),INDIANA,MONON,,,61,Trailer,,,,,,,,,53.000,Dry Freight Van,2,3,Tandem
201901955883,1,1,1GR4P062*KT******,2021-12-20 09:14:37,0,6,TRAILER,1073,GREAT DANE TRAILERS,520,GREAT DANE TRAILERS,13436,Great Dane Trailers,2019,,,6,UNITED STATES (USA),INDIANA,TERRE HAUTE,,,61,Trailer,,,,,,,6,Kingpin,53.000,Semitrailer - platform,2,,
201901959963,1,1,1GRAA962*GB******,2021-12-20 09:14:37,0,6,TRAILER,1073,GREAT DANE TRAILERS,520,GREAT DANE TRAILERS,13436,Great Dane Trailers,2016,,,6,UNITED STATES (USA),INDIANA,BRAZIL,,,61,Trailer,,,,,,,4,Straight Semi/Semi Trailer,48.000,Dry Freight Van / Reefer Van / Insulated Van,2,,
201901960772,2,1,1UYVS253*FP******,2021-12-20 09:14:37,0,6,TRAILER,10289,UTILITY TRAILER MANUFACTURING COMPANY,10138,UTILITY TRAILER MANUFACTURER,26222,Utility Trailer Manufacturer,2015,,,6,UNITED STATES (USA),ARKANSAS,PARAGOULD,,,61,Trailer,,,,,36,Van Trailer,4,Straight Semi/Semi Trailer,53.000,,2,,
201901973179,1,1,1W14432A*K7******,2021-12-20 09:14:37,0,6,TRAILER,11681,WILSON TRAILER CO.,10450,WILSON,27561,Wilson,2019,,,6,UNITED STATES (USA),SOUTH DAKOTA,LENNOX,,Type of suspension: Air Ride,61,Trailer,,,,,33,Grain Trailer,,,43.000,,2,,
201901985929,1,1,1GRAP561*GK******,2021-12-20 09:14:37,0,6,TRAILER,1073,GREAT DANE TRAILERS,520,GREAT DANE TRAILERS,13436,Great Dane Trailers,2016,,,6,UNITED STATES (USA),ILLINOIS,KEWANEE,,,61,Trailer,,,,,,,4,Straight Semi/Semi Trailer,28.000,Dry Freight Van / Reefer Van / Insulated Van,1,,
201901985929,2,1,1JJV532D*HL******,2021-12-20 09:14:37,0,6,TRAILER,14508,WABASH NATIONAL CORPORATION,4847,WABASH NATIONAL CORPORATION,10942,Dry Van Duraplate,2017,,,6,UNITED STATES (USA),INDIANA,LAFAYETTE,,,61,Trailer,,,,,36,Van Trailer,,,53.000,,2,,
201901986332,3,1,1UYVS253*9U******,2021-12-20 09:14:37,0,6,TRAILER,10289,UTILITY TRAILER MANUFACTURING COMPANY,10138,UTILITY TRAILER MANUFACTURER,26222,Utility Trailer Manufacturer,2009,,,6,UNITED STATES (USA),UTAH,CLEARFIELD,,,61,Trailer,,,,,36,Van Trailer,4,Straight Semi/Semi Trailer,53.000,,2,,
201901990205,1,1,5MAMN482*FB******,2021-12-20 09:14:37,0,6,TRAILER,5950,"MAC TRAILER MFG, INC.",6826,MAC TRAILER MANUFACTURING,18288,MAC TRAILER MANUFACTURING,2015,,,6,UNITED STATES (USA),OHIO,ALLIANCE,,Burt Street,61,Trailer,,,,,101,Other,,,48.000,No Frame,2,,
201901991232,2,1,1UYVS140*8G******,2021-12-20 09:14:37,0,6,TRAILER,10289,UTILITY TRAILER MANUFACTURING COMPANY,10138,UTILITY TRAILER MANUFACTURER,26222,Utility Trailer Manufacturer,2008,,,6,UNITED STATES (USA),VIRGINIA,GLADE SPRING,,,61,Trailer,,,,,36,Van Trailer,4,Straight Semi/Semi Trailer,40.000,,1,,
201901994448,2,1,1UYVS253*J2******,2021-12-20 09:14:37,0,6,TRAILER,10289,UTILITY TRAILER MANUFACTURING COMPANY,10138,UTILITY TRAILER MANUFACTURER,26222,Utility Trailer Manufacturer,2018,,,6,UNITED STATES (USA),UTAH,CLEARFIELD,,,61,Trailer,,,,,36,Van Trailer,4,Straight Semi/Semi Trailer,53.000,,2,,
201901995016,2,1,1UYVS253*L2******,2021-12-20 09:14:37,0,6,TRAILER,10289,UTILITY TRAILER MANUFACTURING COMPANY,10138,UTILITY TRAILER MANUFACTURER,26222,Utility Trailer Manufacturer,2020,,,6,UNITED STATES (USA),UTAH,CLEARFIELD,,,61,Trailer,,,,,36,Van Trailer,4,Straight Semi/Semi Trailer,53.000,,2,,
201901996605,2,1,1UYVS253*GU******,2021-12-20 09:14:37,0,6,TRAILER,10289,UTILITY TRAILER MANUFACTURING COMPANY,10138,UTILITY TRAILER MANUFACTURER,26222,Utility Trailer Manufacturer,2016,,,6,UNITED STATES (USA),UTAH,CLEARFIELD,,,61,Trailer,,,,,36,Van Trailer,4,Straight Semi/Semi Trailer,53.000,,2,,
201901997304,1,1,1Z9TU121*4L104***,2021-12-20 09:14:37,0,6,TRAILER,12509,INTERSTATE TRAILERS,1815,INTERSTATE TRAILERS,5299,Interstate Trailer,2004,,,6,UNITED STATES (USA),COLORADO,LONGMONT,,,61,Trailer,,,,,16,Utility Trailer,,,12.000,Tubing,1,,
201901997784,1,1,3H3F532C*GT******,2021-12-20 09:14:37,0,6,TRAILER,14282,"HYUNDAI DE MEXICO, S.A. DE C.V.",4876,HYUNDAI TRANSLEAD TRAILERS,11496,Hyundai Translead Trailers,2016,,,12,MEXICO,BAJA CALIFORNIA,TIJUANA,,,61,Trailer,,,,,6,Flat Bed Trailer/Platform Trailer,,,53.000,Material: Aluminum/Steel,2,,
201901999549,1,1,1UYVS253*GG******,2021-12-20 09:14:38,0,6,TRAILER,10289,UTILITY TRAILER MANUFACTURING COMPANY,10138,UTILITY TRAILER MANUFACTURER,26222,Utility Trailer Manufacturer,2016,,,6,UNITED STATES (USA),VIRGINIA,GLADE SPRING,,,61,Trailer,,,,,36,Van Trailer,4,Straight Semi/Semi Trailer,53.000,,2,,
201902004576,2,1,1GRAP062*GB******,2021-12-20 09:14:38,0,6,TRAILER,1073,GREAT DANE TRAILERS,520,GREAT DANE TRAILERS,13436,Great Dane Trailers,2016,,,6,UNITED STATES (USA),INDIANA,BRAZIL,,,61,Trailer,,,,,,,4,Straight Semi/Semi Trailer,53.000,Dry Freight Van / Reefer Van / Insulated Van,2,,
201902004811,2,1,1JJV532D*JL******,2021-12-20 09:14:38,0,6,TRAILER,14508,WABASH NATIONAL CORPORATION,4847,WABASH NATIONAL CORPORATION,10942,Dry Van Duraplate,2018,,,6,UNITED STATES (USA),INDIANA,LAFAYETTE,,,61,Trailer,,,,,36,Van Trailer,,,53.000,,2,,
201902009911,1,1,5SFNB322*KE******,2021-12-20 09:14:38,0,6,TRAILER,10254,"HEARTLAND RECREATIONAL VEHICLES, LLC",2270,HEARTLAND RECREATIONAL VEHICLES LLC,13569,"Mallard, North Trail, & Wilderness",2019,,,6,UNITED STATES (USA),INDIANA,ELKHART,,Reporting�Name:North�Trail,61,Trailer,,,,,21,Travel Trailer,1,Ball Type Pull,32.000,,2,,
201902016352,1,1,1GRAA002*YW******,2021-12-20 09:14:38,1,6,TRAILER,1073,GREAT DANE TRAILERS,520,GREAT DANE TRAILERS,13436,Great Dane Trailers,2000,,,6,UNITED STATES (USA),NEBRASKA,WAYNE,,,61,Trailer,,,,,36,Van Trailer,4,Straight Semi/Semi Trailer,50.000,Trailer Type = Dry Freight/ Reefer/ Insulated Van,2,,
201902022739,2,1,1GRAA062*3B******,2021-12-20 09:14:38,0,6,TRAILER,1073,GREAT DANE TRAILERS,520,GREAT DANE TRAILERS,13436,Great Dane Trailers,2003,,,6,UNITED STATES (USA),INDIANA,BRAZIL,,,61,Trailer,,,,,36,Van Trailer,4,Straight Semi/Semi Trailer,53.000,Trailer Type = Dry Freight/ Reefer/ Insulated Van,2,,
201902023946,1,1,1GRDM962*6K******,2021-12-20 09:14:38,0,6,TRAILER,1073,GREAT DANE TRAILERS,520,GREAT DANE TRAILERS,13436,Great Dane Trailers,2006,,,6,UNITED STATES (USA),ILLINOIS,KEWANEE,,Effective 01/01/00,61,Trailer,,,,,61,Drop Deck Trailer,4,Straight Semi/Semi Trailer,48.000,Body Type = Straight Deck/ Extendable,2,,
201902025818,1,1,1V9PD422*YN062***,2021-12-20 09:14:38,0,6,TRAILER,10999,VIKING TRAILERS,5688,VIKING TRAILER,14907,Viking Trailer,2000,Double Bolsters,,6,UNITED STATES (USA),TEXAS,NACOGDOCHES,,,61,Trailer,,,,,101,Other,,,42.000,"Pole, Piper or Log Transport Trailer",2,,
201902032042,1,1,1UNST442*LS******,2021-12-20 09:14:38,0,6,TRAILER,1739,"DRAGON PRODUCTS, LTD",1415,DRAGON ESP,4763,Dragon ESP,2020,,,6,UNITED STATES (USA),TEXAS,SILSBEE,,,61,Trailer,,,,,15,Tank Trailer,4,Straight Semi/Semi Trailer,44.000,,2,,
201902032157,1,1,1VRY1119*G1******,2021-12-20 09:14:38,0,6,TRAILER,10796,VERMEER MANUFACTURING COMPANY,3374,VERMEER,15417,BC1000,2016,,BC1000XL,6,UNITED STATES (USA),IOWA,PELLA,Vermeer Freeman Manufacturing Company,,61,Trailer,,,,,,,,,11.000,Body Type - Brush Chipper,1,,
201902032777,2,1,1UYVS236*J6******,2021-12-20 09:14:38,0,6,TRAILER,10289,UTILITY TRAILER MANUFACTURING COMPANY,10138,UTILITY TRAILER MANUFACTURER,26222,Utility Trailer Manufacturer,2018,,,6,UNITED STATES (USA),VIRGINIA,MARION,,,61,Trailer,,,,,36,Van Trailer,4,Straight Semi/Semi Trailer,36.000,,2,,
201902032779,1,1,1GRDM962*6K******,2021-12-20 09:14:38,0,6,TRAILER,1073,GREAT DANE TRAILERS,520,GREAT DANE TRAILERS,13436,Great Dane Trailers,2006,,,6,UNITED STATES (USA),ILLINOIS,KEWANEE,,Effective 01/01/00,61,Trailer,,,,,61,Drop Deck Trailer,4,Straight Semi/Semi Trailer,48.000,Body Type = Straight Deck/ Extendable,2,,
201902034505,1,1,1UYVS253*DM******,2021-12-20 09:14:38,0,6,TRAILER,10289,UTILITY TRAILER MANUFACTURING COMPANY,10138,UTILITY TRAILER MANUFACTURER,26222,Utility Trailer Manufacturer,2013,,,6,UNITED STATES (USA),VIRGINIA,MARION,,,61,Trailer,,,,,36,Van Trailer,4,Straight Semi/Semi Trailer,53.000,,2,,
201902040156,2,1,1UYVS253*GM******,2021-12-20 09:14:39,0,6,TRAILER,10289,UTILITY TRAILER MANUFACTURING COMPANY,10138,UTILITY TRAILER MANUFACTURER,26222,Utility Trailer Manufacturer,2016,,,6,UNITED STATES (USA),VIRGINIA,MARION,,,61,Trailer,,,,,36,Van Trailer,4,Straight Semi/Semi Trailer,53.000,,2,,
201902040191,1,1,5V8VA532*JM******,2021-12-20 09:14:39,0,6,TRAILER,16522,VANGUARD NATIONAL TRAILER CORPORATION (VNTC),6474,VANGUARD NATIONAL TRAILER CORPORATION (VNTC),17782,VANGUARD NATIONAL TRAILER CORPORATION (VNTC),2018,,,6,UNITED STATES (USA),INDIANA,MONON,,,61,Trailer,,,,,,,,,53.000,Interior Post Aluminum Semi Trailer,2,3,Tandem
201902042942,1,1,1TTF5320*72******,2021-12-20 09:14:39,0,6,TRAILER,8231,TRANSCRAFT CORPORATION,10511,TRANSCRAFT,28401,Transcraft,2007,,,6,UNITED STATES (USA),KENTUCKY,MOUNT STERLING,,,61,Trailer,,,,,6,Flat Bed Trailer/Platform Trailer,6,Kingpin,53.000,Platform,2,,
201902043488,1,1,1JJV532D*DL******,2021-12-20 09:14:39,0,6,TRAILER,14508,WABASH NATIONAL CORPORATION,4847,WABASH NATIONAL CORPORATION,10942,Dry Van Duraplate,2013,,,6,UNITED STATES (USA),INDIANA,LAFAYETTE,,,61,Trailer,,,,,36,Van Trailer,,,53.000,,2,,
201902044311,2,1,1GRAA062*4S******,2021-12-20 09:14:39,0,6,TRAILER,1073,GREAT DANE TRAILERS,520,GREAT DANE TRAILERS,13436,Great Dane Trailers,2004,,,6,UNITED STATES (USA),GEORGIA,SAVANNAH,,,61,Trailer,,,,,36,Van Trailer,4,Straight Semi/Semi Trailer,53.000,Trailer Type = Dry Freight/ Reefer/ Insulated Van,2,,
201902044625,1,1,1GRAA062*EB******,2021-12-20 09:14:39,0,6,TRAILER,1073,GREAT DANE TRAILERS,520,GREAT DANE TRAILERS,13436,Great Dane Trailers,2014,,,6,UNITED STATES (USA),INDIANA,BRAZIL,,,61,Trailer,,,,,,,4,Straight Semi/Semi Trailer,53.000,Dry Freight Van / Reefer Van / Insulated Van,2,,
201902050948,1,1,1GRAA962*6D******,2021-12-20 09:14:39,0,6,TRAILER,1073,GREAT DANE TRAILERS,520,GREAT DANE TRAILERS,13436,Great Dane Trailers,2006,,,6,UNITED STATES (USA),PENNSYLVANIA,DANVILLE,,Effective 12/01/01,61,Trailer,,,,,36,Van Trailer,4,Straight Semi/Semi Trailer,48.000,Trailer Type = Dry Freight/ Reefer/ Insulated Van,2,,
201902050948,5,1,13N15320*E1******,2021-12-20 09:14:39,0,6,TRAILER,12268,FONTAINE COMMERCIAL PLATFORM,1128,FONTAINE TRAILER CO.,4416,Fontaine Trailer Co.,2014,,,6,UNITED STATES (USA),ALABAMA,HALEYVILLE,,Optional Features: None,61,Trailer,,,,,6,Flat Bed Trailer/Platform Trailer,,,53.000,,2,,
201902054466,2,1,56JTE162*JA******,2021-12-20 09:14:39,0,6,TRAILER,12137,"UNITED TRAILERS, LLC",3658,UNITED TRAILERS,8047,United Trailers,2018,,,6,UNITED STATES (USA),INDIANA,BRISTOL,,,61,Trailer,,,,,5,Enclosed Trailer,1,Ball Type Pull,16.000,,2,,
201902056907,1,1,13N2532C*H1******,2021-12-20 09:14:39,0,6,TRAILER,12268,FONTAINE COMMERCIAL PLATFORM,1128,FONTAINE TRAILER CO.,4416,Fontaine Trailer Co.,2017,,,6,UNITED STATES (USA),ALABAMA,HALEYVILLE,,Optional Features: Sliding Suspension,61,Trailer,,,,,61,Drop Deck Trailer,,,53.000,,2,,
201902065077,1,1,3H3V281C*9T******,2021-12-20 09:14:39,0,6,TRAILER,14282,"HYUNDAI DE MEXICO, S.A. DE C.V.",4876,HYUNDAI TRANSLEAD TRAILERS,11496,Hyundai Translead Trailers,2009,,,12,MEXICO,BAJA CALIFORNIA,TIJUANA,,,61,Trailer,,,,,36,Van Trailer,,,28.000,Material: Aluminum/Steel,1,,
201902065077,1,2,3H3V281C*ET******,2021-12-20 09:14:39,0,6,TRAILER,14282,"HYUNDAI DE MEXICO, S.A. DE C.V.",4876,HYUNDAI TRANSLEAD TRAILERS,11496,Hyundai Translead Trailers,2014,,,12,MEXICO,BAJA CALIFORNIA,TIJUANA,,,61,Trailer,,,,,36,Van Trailer,,,28.000,Material: Aluminum/Steel,1,,
201902067235,1,1,1UYVS253*HG******,2021-12-20 09:14:40,0,6,TRAILER,10289,UTILITY TRAILER MANUFACTURING COMPANY,10138,UTILITY TRAILER MANUFACTURER,26222,Utility Trailer Manufacturer,2017,,,6,UNITED STATES (USA),VIRGINIA,GLADE SPRING,,,61,Trailer,,,,,36,Van Trailer,4,Straight Semi/Semi Trailer,53.000,,2,,
201902069689,4,1,1graa062*aw******,2021-12-20 09:14:40,0,6,TRAILER,1073,GREAT DANE TRAILERS,520,GREAT DANE TRAILERS,13436,Great Dane Trailers,2010,,,6,UNITED STATES (USA),NEBRASKA,WAYNE,,,61,Trailer,,,,,36,Van Trailer,4,Straight Semi/Semi Trailer,53.000,Trailer Type = Dry Freight/ Reefer/ Insulated Van,2,,
201902071062,2,1,1UYVS253*L6******,2021-12-20 09:14:40,0,6,TRAILER,10289,UTILITY TRAILER MANUFACTURING COMPANY,10138,UTILITY TRAILER MANUFACTURER,26222,Utility Trailer Manufacturer,2020,,,6,UNITED STATES (USA),VIRGINIA,MARION,,,61,Trailer,,,,,36,Van Trailer,4,Straight Semi/Semi Trailer,53.000,,2,,
201902073099,2,1,3H3V532C*LT******,2021-12-20 09:14:40,0,6,TRAILER,14282,"HYUNDAI DE MEXICO, S.A. DE C.V.",4876,HYUNDAI TRANSLEAD TRAILERS,11496,Hyundai Translead Trailers,2020,,,12,MEXICO,BAJA CALIFORNIA,TIJUANA,,,61,Trailer,,,,,36,Van Trailer,,,53.000,Material: Aluminum/Steel,2,,
201902077172,1,1,1GRAA062*6T******,2021-12-20 09:14:40,0,6,TRAILER,1073,GREAT DANE TRAILERS,520,GREAT DANE TRAILERS,13436,Great Dane Trailers,2006,,,6,UNITED STATES (USA),INDIANA,TERRE HAUTE,,Effective 03/01/00,61,Trailer,,,,,36,Van Trailer,4,Straight Semi/Semi Trailer,53.000,Trailer Type = Dry Freight/ Reefer/ Insulated Van,2,,
201902079326,1,1,5NHUDC21*FW******,2021-12-20 09:14:40,0,6,TRAILER,1084,"FOREST RIVER, INC.",531,FOREST RIVER,3012,Duracraft,2015,,,6,UNITED STATES (USA),INDIANA,BRISTOL,,Address: 17645 Commerce Dr.,61,Trailer,,,,,16,Utility Trailer,1,Ball Type Pull,12.000,,1,,
201902082341,2,1,1GRAP062*8T******,2021-12-20 09:14:40,0,6,TRAILER,1073,GREAT DANE TRAILERS,520,GREAT DANE TRAILERS,13436,Great Dane Trailers,2008,,,6,UNITED STATES (USA),INDIANA,TERRE HAUTE,,Effective 03/01/00,61,Trailer,,,,,36,Van Trailer,4,Straight Semi/Semi Trailer,53.000,Trailer Type = Dry Freight/ Reefer/ Insulated Van,2,,
201902084802,1,1,1GRAA902*4B******,2021-12-20 09:14:40,0,6,TRAILER,1073,GREAT DANE TRAILERS,520,GREAT DANE TRAILERS,13436,Great Dane Trailers,2004,,,6,UNITED STATES (USA),INDIANA,BRAZIL,,,61,Trailer,,,,,36,Van Trailer,4,Straight Semi/Semi Trailer,45.000,Trailer Type = Dry Freight/ Reefer/ Insulated Van,2,,
201902085003,1,1,53NBE242*G1******,2021-12-20 09:14:40,0,6,TRAILER,6399,DIAMOND CARGO,1317,"DIAMOND BUILDERS, INC.",4666,"Diamond Builders, Inc.",2016,,,6,UNITED STATES (USA),GEORGIA,DOUGLAS,,,61,Trailer,,,,,5,Enclosed Trailer,14,Bumper Pull,24.000,,2,,
201902091205,1,1,1DSB122Y*J1******,2021-12-20 09:14:40,0,6,TRAILER,12855,CHARLES MACHINE WORKS,1527,DITCH WITCH,24789,T14MV,2018,,,6,UNITED STATES (USA),OKLAHOMA,PERRY,,,61,Trailer,,,,,16,Utility Trailer,2,Pintle Hitch/Hook,12.000,Bed between wheels,2,,
201902091261,1,1,5HTAB442*T7******,2021-12-20 09:14:40,0,6,TRAILER,5564,"HEIL TRAILER INTERNATIONAL, CO",2365,"HEIL TRAILER INTERNATIONAL, CO.",6142,"Heil Trailer International, Co.",1996,,,6,UNITED STATES (USA),TENNESSEE,ATHENS,,Body Shape: Straight Elliptical,61,Trailer,,,,,15,Tank Trailer,,,44.000,AL 306/406,2,,
201902091527,2,1,1JJV532D*JL******,2021-12-20 09:14:40,1,6,TRAILER,14508,WABASH NATIONAL CORPORATION,4847,WABASH NATIONAL CORPORATION,10942,Dry Van Duraplate,2018,,,6,UNITED STATES (USA),INDIANA,LAFAYETTE,,,61,Trailer,,,,,36,Van Trailer,,,53.000,,2,,
201902092043,3,1,1PMS1422*71******,2021-12-20 09:14:40,0,6,TRAILER,6179,"POLAR TANK TRAILER, LLC",2921,POLAR TANK TRAILER,6874,Polar Tank Trailer,2007,,,6,UNITED STATES (USA),MINNESOTA,OPOLE,,,61,Trailer,,,,,15,Tank Trailer,,,42.000,Vessel Code: Non-Code,2,,
201902092513,1,1,1jjv532w*8l******,2021-12-20 09:14:40,0,6,TRAILER,14508,WABASH NATIONAL CORPORATION,4847,WABASH NATIONAL CORPORATION,13327,Wabash National Corporation,2008,,,6,UNITED STATES (USA),INDIANA,LAFAYETTE,,,61,Trailer,,,,,36,Van Trailer,,,53.000,,2,,
201902093170,2,1,1NT11242*M1******,2021-12-20 09:14:40,1,6,TRAILER,2918,"NABORS TRAILERS, INC.",9614,"NABORS TRAILERS, INC.",24068,"Nabors Trailers, Inc.",2021,"straight floor, open top, aluminum wall",,6,UNITED STATES (USA),LOUISIANA,MANSFIELD,,,61,Trailer,,,,,36,Van Trailer,,,42.000,,2,,
201902097368,2,1,1UYVS253*H6******,2021-12-20 09:14:41,0,6,TRAILER,10289,UTILITY TRAILER MANUFACTURING COMPANY,10138,UTILITY TRAILER MANUFACTURER,26222,Utility Trailer Manufacturer,2017,,,6,UNITED STATES (USA),VIRGINIA,MARION,,,61,Trailer,,,,,36,Van Trailer,4,Straight Semi/Semi Trailer,53.000,,2,,
201902098065,1,1,1GRAA062*GB******,2021-12-20 09:14:41,0,6,TRAILER,1073,GREAT DANE TRAILERS,520,GREAT DANE TRAILERS,13436,Great Dane Trailers,2016,,,6,UNITED STATES (USA),INDIANA,BRAZIL,,,61,Trailer,,,,,,,4,Straight Semi/Semi Trailer,53.000,Dry Freight Van / Reefer Van / Insulated Van,2,,
201902104208,2,1,1E1D1N28*HR******,2021-12-20 09:14:41,0,6,TRAILER,5338,EAST MANUFACTURING CORP.,1334,EAST MANUFACTURING CORP.,4686,East Manufacturing Corp,2017,,,,,OHIO,RANDOLPH,,,61,Trailer,9,"Class 8: 33,001 lb and above (14,969 kg and above)",,,4,Dump Trailer/Dumping Trailer,30,Other,30.000,Steel Frame,2,,
201902116457,2,1,1DW1A532*1S******,2021-12-20 09:14:41,0,6,TRAILER,13506,"STOUGHTON TRAILERS, INC.",3414,STOUGHTON TRAILERS,7701,Stoughton trailers,2001,,,6,UNITED STATES (USA),WISCONSIN,STOUGHTON,"Stoughton Trailers, INC",,61,Trailer,,,,,36,Van Trailer,4,Straight Semi/Semi Trailer,53.000,,2,,
201902118021,2,1,1S900132*K1303***,2021-12-20 09:14:41,0,6,TRAILER,13596,"SUN COAST TRAILER MANUFACTURERS, INC.",4343,SUN COAST TRAILER,9147,Sun Coast Trailer,2019,,,6,UNITED STATES (USA),FLORIDA,CORAL SPRINGS,"Sun Coast Trailer Manufacturers, Inc.",,61,Trailer,,,,,32,Open Bed Trailer,,,13.000,Body Type: Zero,2,,
201902121696,1,1,1jjv532d*fl******,2021-12-20 09:14:41,0,6,TRAILER,14508,WABASH NATIONAL CORPORATION,4847,WABASH NATIONAL CORPORATION,10942,Dry Van Duraplate,2015,,,6,UNITED STATES (USA),INDIANA,LAFAYETTE,,,61,Trailer,,,,,36,Van Trailer,,,53.000,,2,,
201902126700,2,1,1GRAA561*8S******,2021-12-20 09:14:41,0,6,TRAILER,1073,GREAT DANE TRAILERS,520,GREAT DANE TRAILERS,13436,Great Dane Trailers,2008,,,6,UNITED STATES (USA),GEORGIA,SAVANNAH,,,61,Trailer,,,,,36,Van Trailer,4,Straight Semi/Semi Trailer,28.000,Trailer Type = Dry Freight/ Reefer/ Insulated Van,1,,
201902127501,1,1,1UYVS253*HM******,2021-12-20 09:14:41,0,6,TRAILER,10289,UTILITY TRAILER MANUFACTURING COMPANY,10138,UTILITY TRAILER MANUFACTURER,26222,Utility Trailer Manufacturer,2017,,,6,UNITED STATES (USA),VIRGINIA,MARION,,,61,Trailer,,,,,36,Van Trailer,4,Straight Semi/Semi Trailer,53.000,,2,,
201902132176,1,1,1W4200E1*72******,2021-12-20 09:14:41,0,6,TRAILER,16014,"UNIVERSAL TRAILER CARGO GROUP, INC.",6062,WELLS CARGO,15857,Wells Cargo Trailer,2007,,,6,UNITED STATES (USA),TEXAS,,,,61,Trailer,,,,,5,Enclosed Trailer,,,,12 to less than 14 ft,1,,
201902135045,1,1,1GRAA962*BB******,2021-12-20 09:14:41,0,6,TRAILER,1073,GREAT DANE TRAILERS,520,GREAT DANE TRAILERS,13436,Great Dane Trailers,2011,,,6,UNITED STATES (USA),INDIANA,BRAZIL,,,61,Trailer,,,,,36,Van Trailer,4,Straight Semi/Semi Trailer,48.000,Trailer Type = Dry Freight/ Reefer/ Insulated Van,2,,
201902137991,2,1,1GRAA062*4J******,2021-12-20 09:14:41,0,6,TRAILER,1073,GREAT DANE TRAILERS,520,GREAT DANE TRAILERS,13436,Great Dane Trailers,2004,,,6,UNITED STATES (USA),ARKANSAS,JONESBORO,,,61,Trailer,,,,,36,Van Trailer,4,Straight Semi/Semi Trailer,53.000,Trailer Type = Dry Freight/ Reefer/ Insulated Van,2,,
201902138006,1,1,527SR532*GL******,2021-12-20 09:14:41,0,6,TRAILER,6703,CIMC REEFER TRAILER INC.,1561,"CIMC REEFER TRAILER,INC",4978,"CIMC REEFER TRAILER,INC.",2016,,,6,UNITED STATES (USA),CALIFORNIA,LOS ANGELES,"CIMC Reefer Trailer,Inc",,61,Trailer,,,,,36,Van Trailer,4,Straight Semi/Semi Trailer,53.000,Trailer Body Type: Reefer Van Trailer,2,,
201902138830,1,1,1M9SD282*6S567***,2021-12-20 09:14:42,0,6,TRAILER,2429,MONTONE TRAILERS LLC,8319,"MONTONE TRAILERS, LLC",22111,"Montone Trailers, LLC",2006,,,6,UNITED STATES (USA),SOUTH CAROLINA,DILLON,,,61,Trailer,,,,,4,Dump Trailer/Dumping Trailer,4,Straight Semi/Semi Trailer,28.000,,2,,
201902140717,2,1,1JJV532D*GL******,2021-12-20 09:14:42,0,6,TRAILER,14508,WABASH NATIONAL CORPORATION,4847,WABASH NATIONAL CORPORATION,10942,Dry Van Duraplate,2016,,,6,UNITED STATES (USA),INDIANA,LAFAYETTE,,,61,Trailer,,,,,36,Van Trailer,,,53.000,,2,,
201902153742,1,1,1TTF532A*D3******,2021-12-20 09:14:42,1,6,TRAILER,8231,TRANSCRAFT CORPORATION,10512,BENSON,27664,Aluminium Flatbed,2013,,,6,UNITED STATES (USA),KENTUCKY,CADIZ,,,61,Trailer,,,,,6,Flat Bed Trailer/Platform Trailer,6,Kingpin,53.000,,2,,
201902176863,2,1,4RAVS122*JN******,2021-12-20 09:14:42,0,6,TRAILER,16586,"INTERSTATE GROUP, LLC",7701,INTERSTATE WEST CORP,20698,Interstate West Corp,2018,Victory,,6,UNITED STATES (USA),IDAHO,NAMPA,,,61,Trailer,,,,,160,Cargo Trailer,1,Ball Type Pull,12.000,Enclosed general cargo,2,,
201902194094,2,1,56JTE101*KA******,2021-12-20 09:14:42,0,6,TRAILER,12137,"UNITED TRAILERS, LLC",3658,UNITED TRAILERS,8047,United Trailers,2019,,,6,UNITED STATES (USA),INDIANA,BRISTOL,,,61,Trailer,,,,,5,Enclosed Trailer,1,Ball Type Pull,10.000,,1,,
201902210188,1,1,5FTCF362*K1******,2021-12-20 09:14:42,0,6,TRAILER,6919,FELLING TRAILERS,4771,FELLING TRAILERS,10467,Felling Trailers,2019,,,6,UNITED STATES (USA),MINNESOTA,SAUK CENTRE,,,61,Trailer,,,,,6,Flat Bed Trailer/Platform Trailer,2,Pintle Hitch/Hook,36.000,,2,,
201902216551,1,1,1JJV532B*DL******,2021-12-20 09:14:42,0,6,TRAILER,14508,WABASH NATIONAL CORPORATION,4847,WABASH NATIONAL CORPORATION,10945,Refrigerated Van,2013,,,6,UNITED STATES (USA),INDIANA,LAFAYETTE,,,61,Trailer,,,,,36,Van Trailer,,,53.000,,2,,
201902221366,1,1,1JJV532W*YL******,2021-12-20 09:14:42,0,6,TRAILER,14508,WABASH NATIONAL CORPORATION,4847,WABASH NATIONAL CORPORATION,13327,Wabash National Corporation,2000,,,6,UNITED STATES (USA),INDIANA,LAFAYETTE,,,61,Trailer,,,,,36,Van Trailer,,,53.000,,2,,
201902244498,2,1,4D6EB101*KA******,2021-12-20 09:14:42,0,6,TRAILER,4540,"CARGO CRAFT ,INC.",6806,"CARGO CRAFT ,INC.",18250,"CARGO CRAFT ,INC.",2019,,,6,UNITED STATES (USA),GEORGIA,AMBROSE,,,61,Trailer,,,,,5,Enclosed Trailer,14,Bumper Pull,10.000,,1,,
201902281836,1,1,5HZBF162*JL******,2021-12-20 09:14:42,0,6,TRAILER,10020,VAC-TRON EQUIPMENT LLC,3782,VAC-TRON EQUIPMENT,8288,Vac-Tron Equipment,2018,,,6,UNITED STATES (USA),FLORIDA,LEESBURG,,,61,Trailer,,,,,6,Flat Bed Trailer/Platform Trailer,1,Ball Type Pull,16.000,,2,,
201902281836,2,1,1W14432A*K2******,2021-12-20 09:14:42,0,6,TRAILER,11681,WILSON TRAILER CO.,10450,WILSON,27561,Wilson,2019,,,6,UNITED STATES (USA),IOWA,SIOUX CITY,,Type of suspension: Air Ride,61,Trailer,,,,,33,Grain Trailer,,,43.000,,2,,
