CASENUM,VEH_NO,TRAILER_NO,VehicleDescriptor,VINDecodedOn,VINDecodeError,VehicleTypeId,VehicleType,ManufacturerFullNameId,ManufacturerFullName,MakeId,Make,ModelId,Model,ModelYear,Series,Trim,PlantCountryId,PlantCountry,PlantState,PlantCity,PlantCompanyName,Note,BodyClassId,BodyClass,GrossVehicleWeightRatingFromId,GrossVehicleWeightRatingFrom,GrossVehicleWeightRatingToId,GrossVehicleWeightRatingTo,TrailerBodyTypeId,TrailerBodyType,TrailerTypeConnectionId,TrailerTypeConnection,TrailerLengthFT,OtherTrailerInfo,AxlesCount,AxleConfigurationId,AxleConfiguration
201600016171,1,1,1UYVS253*YP******,2021-12-20 08:11:58,0,6,TRAILER,10289,UTILITY TRAILER MANUFACTURING COMPANY,10138,UTILITY TRAILER MANUFACTURER,26222,Utility Trailer Manufacturer,2000,,,6,UNITED STATES (USA),ARKANSAS,PARAGOULD,,,61,Trailer,,,,,36,Van Trailer,4,Straight Semi/Semi Trailer,53.000,,2,,
201600019049,4,1,4TGG2820*71******,2021-12-20 08:11:58,0,6,TRAILER,3694,"TITAN TRAILER MFG., INC.",3623,TITAN TRAILER MFG,7997,Titan Trailer MFG,2007,,,6,UNITED STATES (USA),KANSAS,WATERVILLE,,Position Currently not in use,61,Trailer,,,,,,,3,Gooseneck,28.000,,2,,
201600025330,1,1,1JJV532W*1L******,2021-12-20 08:11:58,0,6,TRAILER,14508,WABASH NATIONAL CORPORATION,4847,WABASH NATIONAL CORPORATION,13327,Wabash National Corporation,2001,,,6,UNITED STATES (USA),INDIANA,LAFAYETTE,,,61,Trailer,,,,,36,Van Trailer,,,53.000,,2,,
201600026101,1,1,1TKJ0533*BM******,2021-12-20 08:11:58,0,6,TRAILER,13498,TRAIL KING INDUSTRIES,3251,TRAIL KING INDUSTRIES,7386,TRAIL KING INDUSTRIES,2011,,,6,UNITED STATES (USA),SOUTH DAKOTA,MITCHELL,,Configuration: Position not used at this time.,61,Trailer,,,,,,,,,53.000,"Trailer Length: Inverted Hoist= Add 2FT( but leave the unit part # as is)   Extend Apron = Add 1 Ft( if apron 14"" extended floor plate)",3,,
201600027619,1,1,1UYFS248*XA******,2021-12-20 08:11:58,0,6,TRAILER,10289,UTILITY TRAILER MANUFACTURING COMPANY,10138,UTILITY TRAILER MANUFACTURER,26222,Utility Trailer Manufacturer,1999,,,6,UNITED STATES (USA),ALABAMA,ENTERPRISE,,,61,Trailer,,,,,6,Flat Bed Trailer/Platform Trailer,4,Straight Semi/Semi Trailer,48.000,,2,,
201600028475,1,1,1TTF5320*52******,2021-12-20 08:11:58,0,6,TRAILER,8231,TRANSCRAFT CORPORATION,10511,TRANSCRAFT,28401,Transcraft,2005,,,6,UNITED STATES (USA),KENTUCKY,MOUNT STERLING,,,61,Trailer,,,,,6,Flat Bed Trailer/Platform Trailer,6,Kingpin,53.000,Platform,2,,
201600029024,1,1,1UYVS253*GU******,2021-12-20 08:11:58,0,6,TRAILER,10289,UTILITY TRAILER MANUFACTURING COMPANY,10138,UTILITY TRAILER MANUFACTURER,26222,Utility Trailer Manufacturer,2016,,,6,UNITED STATES (USA),UTAH,CLEARFIELD,,,61,Trailer,,,,,36,Van Trailer,4,Straight Semi/Semi Trailer,53.000,,2,,
201600030426,2,1,5JLSP432*75******,2021-12-20 08:11:58,0,6,TRAILER,5564,"HEIL TRAILER INTERNATIONAL, CO",2365,"HEIL TRAILER INTERNATIONAL, CO.",6142,"Heil Trailer International, Co.",2007,,,6,UNITED STATES (USA),TEXAS,RHOME,,Body Shape: Flo,61,Trailer,,,,,103,Bulk,,,43.000,Al Pneumatic,2,,
201600032007,2,1,1r9bu102*9s474***,2021-12-20 08:11:59,0,6,TRAILER,3977,R & J TRAILERS,8808,R&J TRAILERS,22906,R&J Trailers,2009,,,6,UNITED STATES (USA),TEXAS,SEAGOVILLE,,,61,Trailer,,,,,16,Utility Trailer,1,Ball Type Pull,10.000,,2,,
201600034358,1,1,1uyvs253*dp******,2021-12-20 08:11:59,1,6,TRAILER,10289,UTILITY TRAILER MANUFACTURING COMPANY,10138,UTILITY TRAILER MANUFACTURER,26222,Utility Trailer Manufacturer,2013,,,6,UNITED STATES (USA),ARKANSAS,PARAGOULD,,,61,Trailer,,,,,36,Van Trailer,4,Straight Semi/Semi Trailer,53.000,,2,,
201600035380,2,1,3H3V532C*GT******,2021-12-20 08:11:59,0,6,TRAILER,14282,"HYUNDAI DE MEXICO, S.A. DE C.V.",4876,HYUNDAI TRANSLEAD TRAILERS,11496,Hyundai Translead Trailers,2016,,,12,MEXICO,BAJA CALIFORNIA,TIJUANA,,,61,Trailer,,,,,36,Van Trailer,,,53.000,Material: Aluminum/Steel,2,,
201600037213,3,1,1S12E953*XD******,2021-12-20 08:11:59,0,6,TRAILER,14956,"STRICK TRAILERS, LLC",4977,STRICK COMMERCIAL TRAILER,12176,Strick Commercial Trailer,1999,Smooth Side,,6,UNITED STATES (USA),,DANVILLE,,,61,Trailer,,,,,,,4,Straight Semi/Semi Trailer,53.000,Dry Freight Van,2,3,Tandem
201600037729,1,1,1JJV532D*HL******,2021-12-20 08:11:59,0,6,TRAILER,14508,WABASH NATIONAL CORPORATION,4847,WABASH NATIONAL CORPORATION,10942,Dry Van Duraplate,2017,,,6,UNITED STATES (USA),INDIANA,LAFAYETTE,,,61,Trailer,,,,,36,Van Trailer,,,53.000,,2,,
201600043399,2,1,1UYVS253*GU******,2021-12-20 08:11:59,"1,400",6,TRAILER,10289,UTILITY TRAILER MANUFACTURING COMPANY,10138,UTILITY TRAILER MANUFACTURER,26222,Utility Trailer Manufacturer,2016,,,6,UNITED STATES (USA),UTAH,CLEARFIELD,,,61,Trailer,,,,,36,Van Trailer,4,Straight Semi/Semi Trailer,53.000,,2,,
201600047317,2,1,1PMA2442*45******,2021-12-20 08:11:59,0,6,TRAILER,6179,"POLAR TANK TRAILER, LLC",2921,POLAR TANK TRAILER,6874,Polar Tank Trailer,2004,,,6,UNITED STATES (USA),MISSOURI,SPRINGFIELD,,,61,Trailer,,,,,15,Tank Trailer,30,Other,44.000,Vessel Code: DOT 406,2,,
201600047591,1,1,5V8VC532*FM******,2021-12-20 08:11:59,0,6,TRAILER,16522,VANGUARD NATIONAL TRAILER CORPORATION (VNTC),6474,VANGUARD NATIONAL TRAILER CORPORATION (VNTC),17782,VANGUARD NATIONAL TRAILER CORPORATION (VNTC),2015,,,6,UNITED STATES (USA),INDIANA,MONON,,,61,Trailer,,,,,,,,,53.000,Dry Freight Van,2,3,Tandem
201600066423,1,1,1TTF532C*G3******,2021-12-20 08:11:59,0,6,TRAILER,8231,TRANSCRAFT CORPORATION,10511,TRANSCRAFT,27663,Combo Steel/Alum Flatbed,2016,,,6,UNITED STATES (USA),KENTUCKY,CADIZ,,,61,Trailer,,,,,6,Flat Bed Trailer/Platform Trailer,6,Kingpin,53.000,,2,,
201600066504,2,1,1S12E953*3E******,2021-12-20 08:11:59,0,6,TRAILER,14956,"STRICK TRAILERS, LLC",4977,STRICK COMMERCIAL TRAILER,12176,Strick Commercial Trailer,2003,Smooth Side,,6,UNITED STATES (USA),,MONROE,,,61,Trailer,,,,,,,4,Straight Semi/Semi Trailer,53.000,Dry Freight Van,2,3,Tandem
201600067057,2,1,53BLTEA1*EU******,2021-12-20 08:11:59,0,6,TRAILER,6339,"LGS INDUSTRIES, INC.",1919,LGS INDUSTRIES,5447,LOOK,2014,,,6,UNITED STATES (USA),GEORGIA,,,,61,Trailer,,,,,5,Enclosed Trailer,1,Ball Type Pull,19.000,Length = 10-19,1,,
201600070473,1,1,5HTAB432*27******,2021-12-20 08:12:00,0,6,TRAILER,5564,"HEIL TRAILER INTERNATIONAL, CO",2365,"HEIL TRAILER INTERNATIONAL, CO.",6142,"Heil Trailer International, Co.",2002,,,6,UNITED STATES (USA),TENNESSEE,ATHENS,,Body Shape: Straight Elliptical,61,Trailer,,,,,15,Tank Trailer,,,43.000,AL 306/406,2,,
201600070484,1,1,1CD2L382*GA******,2021-12-20 08:12:00,0,6,TRAILER,1622,"CLARK TRAILER SERVICE, INC.",1676,CLARK TRAILER SERVICE,5086,CLARK TRAILER SERVICE,2016,,,6,UNITED STATES (USA),ALABAMA,ANDALUSIA,,,61,Trailer,,,,,,,4,Straight Semi/Semi Trailer,38.000,Unit Line-Semi Trailer w/ weld-in stationary kingpin connector,2,,
201600071517,2,1,1UYVS253*EG******,2021-12-20 08:12:00,0,6,TRAILER,10289,UTILITY TRAILER MANUFACTURING COMPANY,10138,UTILITY TRAILER MANUFACTURER,26222,Utility Trailer Manufacturer,2014,,,6,UNITED STATES (USA),VIRGINIA,GLADE SPRING,,,61,Trailer,,,,,36,Van Trailer,4,Straight Semi/Semi Trailer,53.000,,2,,
201600071806,2,1,1JJV532W*9L******,2021-12-20 08:12:00,0,6,TRAILER,14508,WABASH NATIONAL CORPORATION,4847,WABASH NATIONAL CORPORATION,13327,Wabash National Corporation,2009,,,6,UNITED STATES (USA),INDIANA,LAFAYETTE,,,61,Trailer,,,,,36,Van Trailer,,,53.000,,2,,
201600078395,2,1,1S12FF45*PB******,2021-12-20 08:12:00,0,6,TRAILER,14956,"STRICK TRAILERS, LLC",4977,STRICK COMMERCIAL TRAILER,12176,Strick Commercial Trailer,1993,,,6,UNITED STATES (USA),,BERWICK,,,61,Trailer,,,,,6,Flat Bed Trailer/Platform Trailer,,,45.000,,2,3,Tandem
201600080169,2,1,47ZFB101*1X******,2021-12-20 08:12:00,0,6,TRAILER,1490,PACE AMERICAN OF TEXAS INC.,2500,PACE AMERICAN,6324,Pace American Trailer,2001,,,6,UNITED STATES (USA),TEXAS,,Pace American of Texas,"GVWR: 1,000-6,000",61,Trailer,1,"Class 1: 6,000 lb or less (2,722 kg or less)",,,59,Van/Covered Cargo/Enclosed,,,10.000,Length: 6-20 ft; Width: 4-6 ft; Tag ENclosed Cargo,1,,
201600082958,2,1,LJRC4126*G1******,2021-12-20 08:12:00,0,6,TRAILER,9950,"CIMC VEHICLES GROUP CO., LTD.",4101,CIMC VEHICLES GROUP CO,8811,CIMC VEHICLES GROUP CO,2016,,,8,CHINA,,SHENZHEN,,"GVWR = 30,000-34,990kg",61,Trailer,9,"Class 8: 33,001 lb and above (14,969 kg and above)",,,109,Container Chassis/Container Trailer,,,41.000,,2,,
201600084083,1,1,1E9CH202*3L252***,2021-12-20 08:12:00,0,6,TRAILER,3967,"EMERSON TRAILERS, INC.",4114,EMERSON TRAILERS,8833,Emerson Trailers,2003,,,6,UNITED STATES (USA),FLORIDA,LAKE ALFRED,,,61,Trailer,,,,,23,Equipment Trailer,,,20.000,Trailer Type: C-Channe Frame,2,,
201600090336,2,1,1ttf4520*61******,2021-12-20 08:12:00,0,6,TRAILER,8231,TRANSCRAFT CORPORATION,10511,TRANSCRAFT,28401,Transcraft,2006,,,6,UNITED STATES (USA),ILLINOIS,ANNA,,,61,Trailer,,,,,6,Flat Bed Trailer/Platform Trailer,6,Kingpin,45.000,Platform,2,,
201600093831,1,1,13N24820*C1******,2021-12-20 08:12:00,0,6,TRAILER,12268,FONTAINE COMMERCIAL PLATFORM,1128,FONTAINE TRAILER CO.,4416,Fontaine Trailer Co.,2012,,,6,UNITED STATES (USA),ALABAMA,HALEYVILLE,,Optional Features: None,61,Trailer,,,,,61,Drop Deck Trailer,,,48.000,,2,,
201600093984,1,1,5K1BU141*31******,2021-12-20 08:12:00,0,6,TRAILER,2462,MILLER BUILT TRAILERS,8689,MILLER BUILT TRAILERS,22747,Miller Built Trailers,2003,,,6,UNITED STATES (USA),GEORGIA,TIFTON,,,61,Trailer,,,,,16,Utility Trailer,1,Ball Type Pull,14.000,Angle Iron Frame,1,,
201600094655,2,1,1GRAA902*5B******,2021-12-20 08:12:00,0,6,TRAILER,1073,GREAT DANE TRAILERS,520,GREAT DANE TRAILERS,13436,Great Dane Trailers,2005,,,6,UNITED STATES (USA),INDIANA,BRAZIL,,,61,Trailer,,,,,36,Van Trailer,4,Straight Semi/Semi Trailer,45.000,Trailer Type = Dry Freight/ Reefer/ Insulated Van,2,,
201600098721,2,1,1HHRTX21*YE******,2021-12-20 08:12:01,0,6,TRAILER,5518,"HACKNEY AND SONS, INC.",5125,"HACKNEY AND SONS, INC.",18775,RTX,2000,,,6,UNITED STATES (USA),,,HSE,Pallet-loaded with side opening compartment (bays) for the pallets.,61,Trailer,,,,,,,6,Kingpin,,30ft < 35 ft,1,,
201600112069,1,1,1W9AC452*5P347***,2021-12-20 08:12:01,1,6,TRAILER,10331,WARREN EQUIPMENT INC.,8661,"WARREN EQUIPMENT, INC.",22712,"Warren Equipment, Inc.",2005,,,6,UNITED STATES (USA),FLORIDA,PLANT CITY,,,61,Trailer,,,,,4,Dump Trailer/Dumping Trailer,4,Straight Semi/Semi Trailer,,Tandem Axle Dual Tires,,,
201600118958,2,1,1JJV532D*HL******,2021-12-20 08:12:01,0,6,TRAILER,14508,WABASH NATIONAL CORPORATION,4847,WABASH NATIONAL CORPORATION,10942,Dry Van Duraplate,2017,,,6,UNITED STATES (USA),INDIANA,LAFAYETTE,,,61,Trailer,,,,,36,Van Trailer,,,53.000,,2,,
201600119097,1,1,1S9DS382*8S188***,2021-12-20 08:12:01,0,6,TRAILER,1464,"SPECTOR MANUFACTURING, INC.",4409,SPECTOR MANUFACTURING,9233,Spector Manufacturing Inc.,2008,,,6,UNITED STATES (USA),PENNSYLVANIA,SAINT CLAIR,"Spector Manufacturing, Inc.",,61,Trailer,,,,,4,Dump Trailer/Dumping Trailer,,,38.000,Body Type - Steel,2,,
201600119332,1,1,1GRAP062*8T******,2021-12-20 08:12:01,0,6,TRAILER,1073,GREAT DANE TRAILERS,520,GREAT DANE TRAILERS,13436,Great Dane Trailers,2008,,,6,UNITED STATES (USA),INDIANA,TERRE HAUTE,,Effective 03/01/00,61,Trailer,,,,,36,Van Trailer,4,Straight Semi/Semi Trailer,53.000,Trailer Type = Dry Freight/ Reefer/ Insulated Van,2,,
201600119763,1,1,13N45230*83******,2021-12-20 08:12:01,1,6,TRAILER,12268,FONTAINE COMMERCIAL PLATFORM,1128,FONTAINE TRAILER CO.,4416,Fontaine Trailer Co.,2008,,,6,UNITED STATES (USA),ALABAMA,SPRINGVILLE,,Optional Features: None,61,Trailer,,,,,,,,,52.000,Body Type:  Telescopic Flat Platform Trailer,3,,
201600120444,1,1,1S12E948*2D******,2021-12-20 08:12:01,0,6,TRAILER,14956,"STRICK TRAILERS, LLC",4977,STRICK COMMERCIAL TRAILER,12176,Strick Commercial Trailer,2002,Smooth Side,,6,UNITED STATES (USA),,DANVILLE,,,61,Trailer,,,,,,,4,Straight Semi/Semi Trailer,48.000,Dry Freight Van,2,3,Tandem
201600135014,1,1,5C2BB45B*DM******,2021-12-20 08:12:01,0,6,TRAILER,15683,"CLEMENT INDUSTRIES, INC.",5405,CLEMENT INDUSTRIES,13961,Clement,2013,,,6,UNITED STATES (USA),LOUISIANA,MINDEN,"Clement Industries, Inc",,61,Trailer,,,,,101,Other,4,Straight Semi/Semi Trailer,45.000,Tandem Axle,2,,
201600137852,3,1,3H3V532C*GT******,2021-12-20 08:12:02,0,6,TRAILER,14282,"HYUNDAI DE MEXICO, S.A. DE C.V.",4876,HYUNDAI TRANSLEAD TRAILERS,11496,Hyundai Translead Trailers,2016,,,12,MEXICO,BAJA CALIFORNIA,TIJUANA,,,61,Trailer,,,,,36,Van Trailer,,,53.000,Material: Aluminum/Steel,2,,
201600155259,2,1,3H3V532C*FT******,2021-12-20 08:12:02,0,6,TRAILER,14282,"HYUNDAI DE MEXICO, S.A. DE C.V.",4876,HYUNDAI TRANSLEAD TRAILERS,11496,Hyundai Translead Trailers,2015,,,12,MEXICO,BAJA CALIFORNIA,TIJUANA,,,61,Trailer,,,,,36,Van Trailer,,,53.000,Material: Aluminum/Steel,2,,
201600156529,1,1,1GRAP062*GD******,2021-12-20 08:12:02,0,6,TRAILER,1073,GREAT DANE TRAILERS,520,GREAT DANE TRAILERS,13436,Great Dane Trailers,2016,,,6,UNITED STATES (USA),PENNSYLVANIA,DANVILLE,,,61,Trailer,,,,,,,4,Straight Semi/Semi Trailer,53.000,Dry Freight Van / Reefer Van / Insulated Van,2,,
201600156787,2,1,1T9GS162*4F716***,2021-12-20 08:12:02,0,6,TRAILER,3077,THE CONCRETE EDGE COMPANY,3331,THE CONCRETE EDGE CO,7516,The Concrete Edge Co,2004,,,6,UNITED STATES (USA),FLORIDA,,,,61,Trailer,,,,,102,Standard,,,16.000,Half Enclosed/ Half Open,2,,
201600159116,1,1,1JJV532V*5B******,2021-12-20 08:12:02,1,6,TRAILER,14508,WABASH NATIONAL CORPORATION,4847,WABASH NATIONAL CORPORATION,22479,Smooth Side Drop Frame,2005,,,,,,,Co. Owned Service Center (Factory Branch),,61,Trailer,,,,,36,Van Trailer,,,53.000,,2,,
201600163797,1,1,1GRAP142*6B******,2021-12-20 08:12:02,0,6,TRAILER,1073,GREAT DANE TRAILERS,520,GREAT DANE TRAILERS,13436,Great Dane Trailers,2006,,,6,UNITED STATES (USA),INDIANA,BRAZIL,,,61,Trailer,,,,,36,Van Trailer,4,Straight Semi/Semi Trailer,57.000,Trailer Type = Dry Freight/ Reefer/ Insulated Van,2,,
201600164791,2,1,1UYVS253*FP******,2021-12-20 08:12:02,0,6,TRAILER,10289,UTILITY TRAILER MANUFACTURING COMPANY,10138,UTILITY TRAILER MANUFACTURER,26222,Utility Trailer Manufacturer,2015,,,6,UNITED STATES (USA),ARKANSAS,PARAGOULD,,,61,Trailer,,,,,36,Van Trailer,4,Straight Semi/Semi Trailer,53.000,,2,,
201600169427,1,1,4JFBS503*3B******,2021-12-20 08:12:02,0,6,TRAILER,2908,"MYCO TRAILERS, LLC",2643,MYCO TRAILERS,6489,MYCO Trailers,2003,Standard,,6,UNITED STATES (USA),FLORIDA,BRADENTON,Plant 1,,61,Trailer,,,,,2,Boat Trailer,,,50.000,,3,,
201600172112,2,1,4YDT2552*GJ******,2021-12-20 08:12:02,0,6,TRAILER,2347,KEYSTONE RV,7615,KEYSTONE,20555,Keystone,2016,,,6,UNITED STATES (USA),INDIANA,GOSHEN,802,Arbitrary Final Digit,61,Trailer,,,,,21,Travel Trailer,14,Bumper Pull,25.000,Recreational Vehicle,2,,
201600174673,2,1,1JJV532W*6L******,2021-12-20 08:12:02,0,6,TRAILER,14508,WABASH NATIONAL CORPORATION,4847,WABASH NATIONAL CORPORATION,13327,Wabash National Corporation,2006,,,6,UNITED STATES (USA),INDIANA,LAFAYETTE,,,61,Trailer,,,,,36,Van Trailer,,,53.000,,2,,
201600175009,3,1,4X4TCKC2*8X******,2021-12-20 08:12:02,0,6,TRAILER,1084,"FOREST RIVER, INC.",531,FOREST RIVER,2393,Cherokee,2008,,,6,UNITED STATES (USA),INDIANA,TOPEKA,,Address: 402 Lehman,61,Trailer,,,,,21,Travel Trailer,,,27.000,,2,,
201600181370,1,1,4LYUS161*DH******,2021-12-20 08:12:03,1,6,TRAILER,8309,"MCCLAIN TRAILERS, INC",7524,MCCLAIN,20392,McClain,2013,,,6,UNITED STATES (USA),TEXAS,HOUSTON,,,61,Trailer,,,,,102,Standard,,,16.000,,1,,
201600183280,1,1,1GRAA802*FB******,2021-12-20 08:12:03,0,6,TRAILER,1073,GREAT DANE TRAILERS,520,GREAT DANE TRAILERS,13436,Great Dane Trailers,2015,,,6,UNITED STATES (USA),INDIANA,BRAZIL,,,61,Trailer,,,,,,,4,Straight Semi/Semi Trailer,40.000,Dry Freight Van / Reefer Van / Insulated Van,2,,
201600185854,2,1,1JJV532W*XL******,2021-12-20 08:12:03,0,6,TRAILER,14508,WABASH NATIONAL CORPORATION,4847,WABASH NATIONAL CORPORATION,13327,Wabash National Corporation,1999,,,6,UNITED STATES (USA),INDIANA,LAFAYETTE,,,61,Trailer,,,,,36,Van Trailer,,,53.000,,2,,
201600188400,1,1,4Z411162*XP******,2021-12-20 08:12:03,0,6,TRAILER,3493,CPS TRAILER CO,6277,CPS TRAILER COMPANY,21211,Hopper Trailer,1999,Steel,,6,UNITED STATES (USA),MISSOURI,ORAN,,,61,Trailer,,,,,33,Grain Trailer,,,,Over 36 ft,2,,
201600190850,2,1,1UYVS253*1U******,2021-12-20 08:12:03,0,6,TRAILER,10289,UTILITY TRAILER MANUFACTURING COMPANY,10138,UTILITY TRAILER MANUFACTURER,26222,Utility Trailer Manufacturer,2001,,,6,UNITED STATES (USA),UTAH,CLEARFIELD,,,61,Trailer,,,,,36,Van Trailer,4,Straight Semi/Semi Trailer,53.000,,2,,
201600192895,2,1,5HTAB432*D7******,2021-12-20 08:12:03,0,6,TRAILER,5564,"HEIL TRAILER INTERNATIONAL, CO",2365,"HEIL TRAILER INTERNATIONAL, CO.",6142,"Heil Trailer International, Co.",2013,,,6,UNITED STATES (USA),TENNESSEE,ATHENS,,Body Shape: Straight Elliptical,61,Trailer,,,,,15,Tank Trailer,,,43.000,AL 306/406,2,,
201600193795,1,1,1JJF482W*YS******,2021-12-20 08:12:03,0,6,TRAILER,14508,WABASH NATIONAL CORPORATION,4847,WABASH NATIONAL CORPORATION,13327,Wabash National Corporation,2000,,,6,UNITED STATES (USA),TENNESSEE,SCOTT COUNTY,,,61,Trailer,,,,,6,Flat Bed Trailer/Platform Trailer,,,48.000,,2,,
201600198996,2,1,1UYVS253*WU******,2021-12-20 08:12:03,0,6,TRAILER,10289,UTILITY TRAILER MANUFACTURING COMPANY,10138,UTILITY TRAILER MANUFACTURER,26222,Utility Trailer Manufacturer,1998,,,6,UNITED STATES (USA),UTAH,CLEARFIELD,,,61,Trailer,,,,,36,Van Trailer,4,Straight Semi/Semi Trailer,53.000,,2,,
201600202013,2,1,4YPAB181*8T******,2021-12-20 08:12:03,0,6,TRAILER,8570,"LOADMASTER ALUMINUM BOAT TRAILERS, INC",8491,"LOADMASTER ALUMINUM BOAT TRAILERS, INC",22424,"LoadMaster Aluminum Boat Trailers, Inc",2008,,,6,UNITED STATES (USA),FLORIDA,TAMPA,,,61,Trailer,,,,,2,Boat Trailer,,,18.000,Aluminum,1,,
201600207809,1,1,1GRDM962*DH******,2021-12-20 08:12:04,0,6,TRAILER,1073,GREAT DANE TRAILERS,520,GREAT DANE TRAILERS,13436,Great Dane Trailers,2013,,,6,UNITED STATES (USA),TENNESSEE,HUNTSVILLE,,,61,Trailer,,,,,,,4,Straight Semi/Semi Trailer,48.000,Platform,2,,
201600207917,2,1,1GRAA062*SB******,2021-12-20 08:12:04,0,6,TRAILER,1073,GREAT DANE TRAILERS,520,GREAT DANE TRAILERS,13436,Great Dane Trailers,1995,,,6,UNITED STATES (USA),INDIANA,BRAZIL,,,61,Trailer,,,,,36,Van Trailer,4,Straight Semi/Semi Trailer,53.000,Trailer Type = Dry Freight/ Reefer/ Insulated Van,2,,
201600207983,1,1,1DW1A482*HS******,2021-12-20 08:12:04,0,6,TRAILER,13506,"STOUGHTON TRAILERS, INC.",3414,STOUGHTON TRAILERS,7701,Stoughton trailers,2017,,,6,UNITED STATES (USA),WISCONSIN,STOUGHTON,"Stoughton Trailers, INC",,61,Trailer,,,,,36,Van Trailer,4,Straight Semi/Semi Trailer,48.000,,2,,
201600208328,2,1,5JYLT402*1P******,2021-12-20 08:12:04,0,6,TRAILER,2290,PITTS ENTERPRISES INC,2831,PITTS TRAILERS,6775,Pitts Trailers,2001,,,6,UNITED STATES (USA),ALABAMA,PITTSVIEW,,,61,Trailer,,,,,,,4,Straight Semi/Semi Trailer,40.000,,2,,
201600208338,1,1,1GRAA062*CB******,2021-12-20 08:12:04,0,6,TRAILER,1073,GREAT DANE TRAILERS,520,GREAT DANE TRAILERS,13436,Great Dane Trailers,2012,,,6,UNITED STATES (USA),INDIANA,BRAZIL,,,61,Trailer,,,,,,,4,Straight Semi/Semi Trailer,53.000,Dry Freight Van / Reefer Van / Insulated Van,2,,
201600212882,2,1,3H3V532C*7T******,2021-12-20 08:12:04,0,6,TRAILER,14282,"HYUNDAI DE MEXICO, S.A. DE C.V.",4876,HYUNDAI TRANSLEAD TRAILERS,11496,Hyundai Translead Trailers,2007,,,12,MEXICO,BAJA CALIFORNIA,TIJUANA,,,61,Trailer,,,,,36,Van Trailer,,,53.000,Material: Aluminum/Steel,2,,
201600214630,1,1,1UYFS248*EA******,2021-12-20 08:12:04,0,6,TRAILER,10289,UTILITY TRAILER MANUFACTURING COMPANY,10138,UTILITY TRAILER MANUFACTURER,26222,Utility Trailer Manufacturer,2014,,,6,UNITED STATES (USA),ALABAMA,ENTERPRISE,,,61,Trailer,,,,,6,Flat Bed Trailer/Platform Trailer,4,Straight Semi/Semi Trailer,48.000,,2,,
201600214632,1,1,1PMS1442*41******,2021-12-20 08:12:05,0,6,TRAILER,6179,"POLAR TANK TRAILER, LLC",2921,POLAR TANK TRAILER,6874,Polar Tank Trailer,2004,,,6,UNITED STATES (USA),MINNESOTA,OPOLE,,,61,Trailer,,,,,15,Tank Trailer,,,44.000,Vessel Code: Non-Code,2,,
201600216360,1,1,1UYVS253*7U******,2021-12-20 08:12:05,0,6,TRAILER,10289,UTILITY TRAILER MANUFACTURING COMPANY,10138,UTILITY TRAILER MANUFACTURER,26222,Utility Trailer Manufacturer,2007,,,6,UNITED STATES (USA),UTAH,CLEARFIELD,,,61,Trailer,,,,,36,Van Trailer,4,Straight Semi/Semi Trailer,53.000,,2,,
201600216360,2,1,1UYVS248*FM******,2021-12-20 08:12:05,0,6,TRAILER,10289,UTILITY TRAILER MANUFACTURING COMPANY,10138,UTILITY TRAILER MANUFACTURER,26222,Utility Trailer Manufacturer,2015,,,6,UNITED STATES (USA),VIRGINIA,MARION,,,61,Trailer,,,,,36,Van Trailer,4,Straight Semi/Semi Trailer,48.000,,2,,
201600216439,2,1,1GRAA962*7D******,2021-12-20 08:12:05,0,6,TRAILER,1073,GREAT DANE TRAILERS,520,GREAT DANE TRAILERS,13436,Great Dane Trailers,2007,,,6,UNITED STATES (USA),PENNSYLVANIA,DANVILLE,,Effective 12/01/01,61,Trailer,,,,,36,Van Trailer,4,Straight Semi/Semi Trailer,48.000,Trailer Type = Dry Freight/ Reefer/ Insulated Van,2,,
201600218833,2,1,13N14820*H1******,2021-12-20 08:12:05,0,6,TRAILER,12268,FONTAINE COMMERCIAL PLATFORM,1128,FONTAINE TRAILER CO.,4416,Fontaine Trailer Co.,2017,,,6,UNITED STATES (USA),ALABAMA,HALEYVILLE,,Optional Features: None,61,Trailer,,,,,6,Flat Bed Trailer/Platform Trailer,,,48.000,,2,,
201600218855,1,1,5JPBU042*CP******,2021-12-20 08:12:05,1,6,TRAILER,13101,"CAM SUPERLINE, INC.",1109,CAM SUPERLINE,4398,Cam Superline,2012,,,6,UNITED STATES (USA),PENNSYLVANIA,,,,61,Trailer,,,,,16,Utility Trailer,14,Bumper Pull,4.000,,2,,
201600220118,1,1,48X1H372*71******,2021-12-20 08:12:05,0,6,TRAILER,10839,"TRAVIS BODY & TRAILER, INC.",3520,"TRAVIS BODY & TRAILER, INC.",7868,"TRAVIS BODY & TRAILER, INC.",2007,,,6,UNITED STATES (USA),TEXAS,HOUSTON,,,61,Trailer,,,,,4,Dump Trailer/Dumping Trailer,30,Other,37.000,Watson ARx43,2,,
201600221630,2,1,1GRAA062*5T******,2021-12-20 08:12:05,0,6,TRAILER,1073,GREAT DANE TRAILERS,520,GREAT DANE TRAILERS,13436,Great Dane Trailers,2005,,,6,UNITED STATES (USA),INDIANA,TERRE HAUTE,,Effective 03/01/00,61,Trailer,,,,,36,Van Trailer,4,Straight Semi/Semi Trailer,53.000,Trailer Type = Dry Freight/ Reefer/ Insulated Van,2,,
201600224328,2,1,1T9TS162*5F716***,2021-12-20 08:12:05,1,6,TRAILER,3077,THE CONCRETE EDGE COMPANY,3331,THE CONCRETE EDGE CO,7516,The Concrete Edge Co,2005,,,6,UNITED STATES (USA),FLORIDA,,,,61,Trailer,,,,,102,Standard,1,Ball Type Pull,16.000,Half Enclosed/ Half Open,2,,
201600229233,2,1,1P9XF7J2*F1139***,2021-12-20 08:12:05,0,6,TRAILER,2562,T.A. PELSUE COMPANY,3323,T.A. PELSUE COMPANY,7504,FiberLite XL,2015,,,6,UNITED STATES (USA),COLORADO,ENGLEWOOD,,,61,Trailer,,,,,,,,,18.000,"Trailer Length: 18'-0"" to 18'-11''",2,,
201600232135,3,1,1UJBJ0BP*G1******,2021-12-20 08:12:05,0,6,TRAILER,9892,"JAYCO, INC.",4516,JAYCO,29071,Jayco,2016,,,6,UNITED STATES (USA),INDIANA,MIDDLEBURY,,,61,Trailer,,,,,80,Rec. Trailer,14,Bumper Pull,31.990,Travel Trailer,2,3,Tandem
201600232608,2,1,3H3V532C*FT******,2021-12-20 08:12:05,0,6,TRAILER,14282,"HYUNDAI DE MEXICO, S.A. DE C.V.",4876,HYUNDAI TRANSLEAD TRAILERS,11496,Hyundai Translead Trailers,2015,,,12,MEXICO,BAJA CALIFORNIA,TIJUANA,,,61,Trailer,,,,,36,Van Trailer,,,53.000,Material: Aluminum/Steel,2,,
201600232634,2,1,1UYVS253*BG******,2021-12-20 08:12:06,0,6,TRAILER,10289,UTILITY TRAILER MANUFACTURING COMPANY,10138,UTILITY TRAILER MANUFACTURER,26222,Utility Trailer Manufacturer,2011,,,6,UNITED STATES (USA),VIRGINIA,GLADE SPRING,,,61,Trailer,,,,,36,Van Trailer,4,Straight Semi/Semi Trailer,53.000,,2,,
201600232705,2,1,1JJV532D*GL******,2021-12-20 08:12:06,0,6,TRAILER,14508,WABASH NATIONAL CORPORATION,4847,WABASH NATIONAL CORPORATION,10942,Dry Van Duraplate,2016,,,6,UNITED STATES (USA),INDIANA,LAFAYETTE,,,61,Trailer,,,,,36,Van Trailer,,,53.000,,2,,
201600234100,2,1,1GRAA062*7D******,2021-12-20 08:12:06,0,6,TRAILER,1073,GREAT DANE TRAILERS,520,GREAT DANE TRAILERS,13436,Great Dane Trailers,2007,,,6,UNITED STATES (USA),PENNSYLVANIA,DANVILLE,,Effective 12/01/01,61,Trailer,,,,,36,Van Trailer,4,Straight Semi/Semi Trailer,53.000,Trailer Type = Dry Freight/ Reefer/ Insulated Van,2,,
201600241226,1,1,4S0TP252*71******,2021-12-20 08:12:06,0,6,TRAILER,15375,TRAILBOSS TRAILERS INC.,5942,TRAILBOSS,15637,Trailboss Trailer,2007,,,6,UNITED STATES (USA),MISSISSIPPI,MACON,,,61,Trailer,,,,,76,Tilt/Angled Trailer,2,Pintle Hitch/Hook,25.000,Tiltbed,2,,
201600243526,1,1,1GRAA561*GB******,2021-12-20 08:12:06,0,6,TRAILER,1073,GREAT DANE TRAILERS,520,GREAT DANE TRAILERS,13436,Great Dane Trailers,2016,,,6,UNITED STATES (USA),INDIANA,BRAZIL,,,61,Trailer,,,,,,,4,Straight Semi/Semi Trailer,28.000,Dry Freight Van / Reefer Van / Insulated Van,1,,
201600243526,1,2,1GRAA561*GB******,2021-12-20 08:12:06,0,6,TRAILER,1073,GREAT DANE TRAILERS,520,GREAT DANE TRAILERS,13436,Great Dane Trailers,2016,,,6,UNITED STATES (USA),INDIANA,BRAZIL,,,61,Trailer,,,,,,,4,Straight Semi/Semi Trailer,28.000,Dry Freight Van / Reefer Van / Insulated Van,1,,
201600247628,1,1,1GRAA062*FW******,2021-12-20 08:12:06,0,6,TRAILER,1073,GREAT DANE TRAILERS,520,GREAT DANE TRAILERS,13436,Great Dane Trailers,2015,,,6,UNITED STATES (USA),NEBRASKA,WAYNE,,,61,Trailer,,,,,,,4,Straight Semi/Semi Trailer,53.000,Dry Freight Van / Reefer Van / Insulated Van,2,,
201600247648,1,1,1UYVS253*GG******,2021-12-20 08:12:06,0,6,TRAILER,10289,UTILITY TRAILER MANUFACTURING COMPANY,10138,UTILITY TRAILER MANUFACTURER,26222,Utility Trailer Manufacturer,2016,,,6,UNITED STATES (USA),VIRGINIA,GLADE SPRING,,,61,Trailer,,,,,36,Van Trailer,4,Straight Semi/Semi Trailer,53.000,,2,,
201600247648,2,1,1GRAA561*5K******,2021-12-20 08:12:06,0,6,TRAILER,1073,GREAT DANE TRAILERS,520,GREAT DANE TRAILERS,13436,Great Dane Trailers,2005,,,6,UNITED STATES (USA),ILLINOIS,KEWANEE,,Effective 01/01/00,61,Trailer,,,,,36,Van Trailer,4,Straight Semi/Semi Trailer,28.000,Trailer Type = Dry Freight/ Reefer/ Insulated Van,1,,
201600252999,1,1,1JJV532W*7L******,2021-12-20 08:12:06,0,6,TRAILER,14508,WABASH NATIONAL CORPORATION,4847,WABASH NATIONAL CORPORATION,13327,Wabash National Corporation,2007,,,6,UNITED STATES (USA),INDIANA,LAFAYETTE,,,61,Trailer,,,,,36,Van Trailer,,,53.000,,2,,
201600258187,1,1,48X1F352*D1******,2021-12-20 08:12:06,0,6,TRAILER,10839,"TRAVIS BODY & TRAILER, INC.",3520,"TRAVIS BODY & TRAILER, INC.",7868,"TRAVIS BODY & TRAILER, INC.",2013,,,6,UNITED STATES (USA),TEXAS,HOUSTON,,,61,Trailer,,,,,4,Dump Trailer/Dumping Trailer,30,Other,35.000,Tumer ARx43,2,,
201600260066,1,1,1JJV532W*XF******,2021-12-20 08:12:06,0,6,TRAILER,14508,WABASH NATIONAL CORPORATION,4847,WABASH NATIONAL CORPORATION,13327,Wabash National Corporation,1999,,,6,UNITED STATES (USA),IOWA,FORT MADISON,,,61,Trailer,,,,,36,Van Trailer,,,53.000,,2,,
201600260218,1,1,573TE272*G3******,2021-12-20 08:12:06,0,6,TRAILER,12235,"GRAND DESIGN RV, LLC",1336,GRAND DESIGN RECREATIONAL,18132,Imagine,2016,Narrow Body,,6,UNITED STATES (USA),INDIANA,MIDDLEBURY,Plant 3,,61,Trailer,,,,,21,Travel Trailer,,,27.000,Narrow Body,2,,
201600260385,1,1,LJRC5426*71******,2021-12-20 08:12:06,0,6,TRAILER,9950,"CIMC VEHICLES GROUP CO., LTD.",4101,CIMC VEHICLES GROUP CO,8811,CIMC VEHICLES GROUP CO,2007,,,8,CHINA,,SHENZHEN,,"GVWR = 30,000-34,990kg",61,Trailer,9,"Class 8: 33,001 lb and above (14,969 kg and above)",,,109,Container Chassis/Container Trailer,,,54.000,,2,,
201600260420,2,1,1JJV532B*AL******,2021-12-20 08:12:06,0,6,TRAILER,14508,WABASH NATIONAL CORPORATION,4847,WABASH NATIONAL CORPORATION,10945,Refrigerated Van,2010,,,6,UNITED STATES (USA),INDIANA,LAFAYETTE,,,61,Trailer,,,,,36,Van Trailer,,,53.000,,2,,
201600265762,2,1,1TTF4820*72******,2021-12-20 08:12:07,0,6,TRAILER,8231,TRANSCRAFT CORPORATION,10511,TRANSCRAFT,28401,Transcraft,2007,,,6,UNITED STATES (USA),KENTUCKY,MOUNT STERLING,,,61,Trailer,,,,,6,Flat Bed Trailer/Platform Trailer,6,Kingpin,48.000,Platform,2,,
201600267967,2,1,1J4GK58K*3W******,2021-12-20 08:12:07,0,7,MULTIPURPOSE PASSENGER VEHICLE (MPV),994,FCA US LLC,483,JEEP,1944,Liberty,2003,KJ,Limited,6,UNITED STATES (USA),OHIO,TOLEDO,Toledo North Assembly,,7,Sport Utility Vehicle (SUV)/Multi-Purpose Vehicle (MPV),13,"Class 1D: 5,001 - 6,000 lb (2,268 - 2,722 kg)",,,0,Not Applicable,0,Not Applicable,,,,,
201600271180,1,1,1UYVS248*CU******,2021-12-20 08:12:07,0,6,TRAILER,10289,UTILITY TRAILER MANUFACTURING COMPANY,10138,UTILITY TRAILER MANUFACTURER,26222,Utility Trailer Manufacturer,2012,,,6,UNITED STATES (USA),UTAH,CLEARFIELD,,,61,Trailer,,,,,36,Van Trailer,4,Straight Semi/Semi Trailer,48.000,,2,,
201600282432,3,1,1JJV532D*FL******,2021-12-20 08:12:07,0,6,TRAILER,14508,WABASH NATIONAL CORPORATION,4847,WABASH NATIONAL CORPORATION,10942,Dry Van Duraplate,2015,,,6,UNITED STATES (USA),INDIANA,LAFAYETTE,,,61,Trailer,,,,,36,Van Trailer,,,53.000,,2,,
201600282436,1,1,1JJV532D*GL******,2021-12-20 08:12:07,0,6,TRAILER,14508,WABASH NATIONAL CORPORATION,4847,WABASH NATIONAL CORPORATION,10942,Dry Van Duraplate,2016,,,6,UNITED STATES (USA),INDIANA,LAFAYETTE,,,61,Trailer,,,,,36,Van Trailer,,,53.000,,2,,
201600288313,1,1,1RNF53A2*CR******,2021-12-20 08:12:07,0,6,TRAILER,3579,"REITNOUER, INC.",5594,REITNOUER INC,14493,Reitnouer Inc Trailers,2012,,,6,UNITED STATES (USA),PENNSYLVANIA,READING,,,61,Trailer,9,"Class 8: 33,001 lb and above (14,969 kg and above)",,,6,Flat Bed Trailer/Platform Trailer,6,Kingpin,53.000,Airride,2,,
201600288370,2,1,3H3V532C*GT******,2021-12-20 08:12:07,0,6,TRAILER,14282,"HYUNDAI DE MEXICO, S.A. DE C.V.",4876,HYUNDAI TRANSLEAD TRAILERS,11496,Hyundai Translead Trailers,2016,,,12,MEXICO,BAJA CALIFORNIA,TIJUANA,,,61,Trailer,,,,,36,Van Trailer,,,53.000,Material: Aluminum/Steel,2,,
201600292986,1,1,1GRDM962*DH******,2021-12-20 08:12:07,0,6,TRAILER,1073,GREAT DANE TRAILERS,520,GREAT DANE TRAILERS,13436,Great Dane Trailers,2013,,,6,UNITED STATES (USA),TENNESSEE,HUNTSVILLE,,,61,Trailer,,,,,,,4,Straight Semi/Semi Trailer,48.000,Platform,2,,
201600300026,1,1,1JJV532W*5L******,2021-12-20 08:12:07,0,6,TRAILER,14508,WABASH NATIONAL CORPORATION,4847,WABASH NATIONAL CORPORATION,13327,Wabash National Corporation,2005,,,6,UNITED STATES (USA),INDIANA,LAFAYETTE,,,61,Trailer,,,,,36,Van Trailer,,,53.000,,2,,
201600302258,1,1,4P5DL142*C1******,2021-12-20 08:12:07,0,6,TRAILER,16013,"PJ TRAILERS MANUFACTURING, INC.",6060,PJ,28324,PJ,2012,,,6,UNITED STATES (USA),TEXAS,SUMNER,,,61,Trailer,,,,,4,Dump Trailer/Dumping Trailer,30,Other,14.000,Variable HITCH based on Size/Type of Trailer,2,,
201600302716,3,1,1B9cw132*3p358***,2021-12-20 08:12:07,1,6,TRAILER,13159,"BIG O'S MANUFACTURING, INC.",5318,"BIG O'S MANUFACTURING,INC",13601,"Big O's Manufacturing,Inc",2003,,,6,UNITED STATES (USA),WISCONSIN,PARDEEVILLE,,,61,Trailer,,,,,,,,,13.000,Trailer Type: Implement,2,,
201600304019,1,1,1TDH4302*AB******,2021-12-20 08:12:08,0,6,TRAILER,8330,TIMPTE INC.,5331,"TIMPTE, INC",13636,Timpte,2010,,,6,UNITED STATES (USA),NEBRASKA,DAVID CITY,,"Seventh VIN position indicates the additional length of the trailer to the nearest inch up to 9 inches. If the additional length is 10 inches or more the seventh character is zero (0) and the sixth character will be increased to the next foot. For example : a 42ft 9in trailer will be represent in VIN position 5, 6 & 7 as ""429"" and a 42ft 10in. trailer will be represented in VIN position 5 , 6 & 7 as ""430"" respectively.",61,Trailer,,,,,174,Dry Bulk Trailer,,,43.000,Dry Bulk-Bottom Hopper,2,,
201600304035,1,1,1UYVS253*HP******,2021-12-20 08:12:08,0,6,TRAILER,10289,UTILITY TRAILER MANUFACTURING COMPANY,10138,UTILITY TRAILER MANUFACTURER,26222,Utility Trailer Manufacturer,2017,,,6,UNITED STATES (USA),ARKANSAS,PARAGOULD,,,61,Trailer,,,,,36,Van Trailer,4,Straight Semi/Semi Trailer,53.000,,2,,
201600304073,1,1,1UYVS253*9M******,2021-12-20 08:12:08,0,6,TRAILER,10289,UTILITY TRAILER MANUFACTURING COMPANY,10138,UTILITY TRAILER MANUFACTURER,26222,Utility Trailer Manufacturer,2009,,,6,UNITED STATES (USA),VIRGINIA,MARION,,,61,Trailer,,,,,36,Van Trailer,4,Straight Semi/Semi Trailer,53.000,,2,,
201600304073,2,1,1DW1A532*CS******,2021-12-20 08:12:08,0,6,TRAILER,13506,"STOUGHTON TRAILERS, INC.",3414,STOUGHTON TRAILERS,7701,Stoughton trailers,2012,,,6,UNITED STATES (USA),WISCONSIN,STOUGHTON,"Stoughton Trailers, INC",,61,Trailer,,,,,36,Van Trailer,4,Straight Semi/Semi Trailer,53.000,,2,,
201600312305,2,1,1GRAA062*EW******,2021-12-20 08:12:08,0,6,TRAILER,1073,GREAT DANE TRAILERS,520,GREAT DANE TRAILERS,13436,Great Dane Trailers,2014,,,6,UNITED STATES (USA),NEBRASKA,WAYNE,,,61,Trailer,,,,,,,4,Straight Semi/Semi Trailer,53.000,Dry Freight Van / Reefer Van / Insulated Van,2,,
201600312875,2,1,4U3J0482*VL******,2021-12-20 08:12:08,0,6,TRAILER,9213,"BULL MOOSE HEAVY HAUL, INC",6869,X-L SPECIALIZED TRAILERS INC,18367,X-L SPECIALIZED TRAILERS INC,1997,,,6,UNITED STATES (USA),INDIANA,OELWEIN,,,61,Trailer,,,,,,,3,Gooseneck,48.000,"Front loading(Hydraulic detachable,Mechanical detachable,folding )",2,,
201600318863,1,1,1UYVS253*4U******,2021-12-20 08:12:08,0,6,TRAILER,10289,UTILITY TRAILER MANUFACTURING COMPANY,10138,UTILITY TRAILER MANUFACTURER,26222,Utility Trailer Manufacturer,2004,,,6,UNITED STATES (USA),UTAH,CLEARFIELD,,,61,Trailer,,,,,36,Van Trailer,4,Straight Semi/Semi Trailer,53.000,,2,,
201600320532,2,1,1GRAA062*GK******,2021-12-20 08:12:08,0,6,TRAILER,1073,GREAT DANE TRAILERS,520,GREAT DANE TRAILERS,13436,Great Dane Trailers,2016,,,6,UNITED STATES (USA),ILLINOIS,KEWANEE,,,61,Trailer,,,,,,,4,Straight Semi/Semi Trailer,53.000,Dry Freight Van / Reefer Van / Insulated Van,2,,
201600320586,1,1,1JJV281X*SL******,2021-12-20 08:12:08,0,6,TRAILER,14508,WABASH NATIONAL CORPORATION,4847,WABASH NATIONAL CORPORATION,22481,Exterior Post Semi-Can,1995,,,6,UNITED STATES (USA),INDIANA,LAFAYETTE,,,61,Trailer,,,,,36,Van Trailer,,,28.000,,1,,
201600320792,1,1,4MJUB162*2E******,2021-12-20 08:12:08,0,6,TRAILER,1254,"CORNELIUS MANUFACTURING, INC.",682,CMI,3802,CMI,2002,,,6,UNITED STATES (USA),INDIANA,ELNORA,,,61,Trailer,,,,,16,Utility Trailer,14,Bumper Pull,16.000,,2,,
201600321705,1,1,1P9CP403*4H343***,2021-12-20 08:12:08,0,6,TRAILER,8027,"PRATT INDUSTRIES, LLC",3015,PRATT INDUSTRIES,7027,Pratt Industries,2004,,,6,UNITED STATES (USA),ALABAMA,HALEYVILLE,,,61,Trailer,,,,,46,Chassis,,,40.000,Body Type = Inter-modal Containers,3,,
201600330194,1,1,1GRAA561*BB******,2021-12-20 08:12:08,0,6,TRAILER,1073,GREAT DANE TRAILERS,520,GREAT DANE TRAILERS,13436,Great Dane Trailers,2011,,,6,UNITED STATES (USA),INDIANA,BRAZIL,,,61,Trailer,,,,,36,Van Trailer,4,Straight Semi/Semi Trailer,28.000,Trailer Type = Dry Freight/ Reefer/ Insulated Van,1,,
201600330194,1,2,1GRAA561*FB******,2021-12-20 08:12:09,0,6,TRAILER,1073,GREAT DANE TRAILERS,520,GREAT DANE TRAILERS,13436,Great Dane Trailers,2015,,,6,UNITED STATES (USA),INDIANA,BRAZIL,,,61,Trailer,,,,,,,4,Straight Semi/Semi Trailer,28.000,Dry Freight Van / Reefer Van / Insulated Van,1,,
201600330427,1,1,1UYVS253*FP******,2021-12-20 08:12:09,0,6,TRAILER,10289,UTILITY TRAILER MANUFACTURING COMPANY,10138,UTILITY TRAILER MANUFACTURER,26222,Utility Trailer Manufacturer,2015,,,6,UNITED STATES (USA),ARKANSAS,PARAGOULD,,,61,Trailer,,,,,36,Van Trailer,4,Straight Semi/Semi Trailer,53.000,,2,,
201600330427,2,1,1UYVS253*GG******,2021-12-20 08:12:09,0,6,TRAILER,10289,UTILITY TRAILER MANUFACTURING COMPANY,10138,UTILITY TRAILER MANUFACTURER,26222,Utility Trailer Manufacturer,2016,,,6,UNITED STATES (USA),VIRGINIA,GLADE SPRING,,,61,Trailer,,,,,36,Van Trailer,4,Straight Semi/Semi Trailer,53.000,,2,,
201600332248,1,1,1JJV532W*3L******,2021-12-20 08:12:09,0,6,TRAILER,14508,WABASH NATIONAL CORPORATION,4847,WABASH NATIONAL CORPORATION,13327,Wabash National Corporation,2003,,,6,UNITED STATES (USA),INDIANA,LAFAYETTE,,,61,Trailer,,,,,36,Van Trailer,,,53.000,,2,,
201600339585,1,2,1GRAA561*6K******,2021-12-20 08:12:09,0,6,TRAILER,1073,GREAT DANE TRAILERS,520,GREAT DANE TRAILERS,13436,Great Dane Trailers,2006,,,6,UNITED STATES (USA),ILLINOIS,KEWANEE,,Effective 01/01/00,61,Trailer,,,,,36,Van Trailer,4,Straight Semi/Semi Trailer,28.000,Trailer Type = Dry Freight/ Reefer/ Insulated Van,1,,
201600339585,2,1,5V8VC532*FM******,2021-12-20 08:12:09,0,6,TRAILER,16522,VANGUARD NATIONAL TRAILER CORPORATION (VNTC),6474,VANGUARD NATIONAL TRAILER CORPORATION (VNTC),17782,VANGUARD NATIONAL TRAILER CORPORATION (VNTC),2015,,,6,UNITED STATES (USA),INDIANA,MONON,,,61,Trailer,,,,,,,,,53.000,Dry Freight Van,2,3,Tandem
201600345447,2,1,1JJV482W*1L******,2021-12-20 08:12:09,0,6,TRAILER,14508,WABASH NATIONAL CORPORATION,4847,WABASH NATIONAL CORPORATION,13327,Wabash National Corporation,2001,,,6,UNITED STATES (USA),INDIANA,LAFAYETTE,,,61,Trailer,,,,,36,Van Trailer,,,48.000,,2,,
201600345600,4,1,1TTE532C*E3******,2021-12-20 08:12:09,0,6,TRAILER,8231,TRANSCRAFT CORPORATION,10511,TRANSCRAFT,27663,Combo Steel/Alum Flatbed,2014,,,6,UNITED STATES (USA),KENTUCKY,CADIZ,,,61,Trailer,,,,,61,Drop Deck Trailer,6,Kingpin,53.000,,2,,
201600346267,1,1,47CTDFS2*8G******,2021-12-20 08:12:09,0,6,TRAILER,11811,DUTCHMEN MANUFACTURING INC.,860,DUTCHMEN MANUFACTURING,5608,Dutchmen Manufacturing,2008,Freedom Spirit,,6,UNITED STATES (USA),INDIANA,GOSHEN,Steury plant 1,,61,Trailer,,,,,21,Travel Trailer,,,36.000,34 but less than 36,2,,
201600346272,1,1,3H3V532C*3T******,2021-12-20 08:12:09,0,6,TRAILER,14282,"HYUNDAI DE MEXICO, S.A. DE C.V.",4876,HYUNDAI TRANSLEAD TRAILERS,11496,Hyundai Translead Trailers,2003,,,12,MEXICO,BAJA CALIFORNIA,TIJUANA,,,61,Trailer,,,,,36,Van Trailer,,,53.000,Material: Aluminum/Steel,2,,
201600355900,2,1,1TDH4302*FB******,2021-12-20 08:12:09,0,6,TRAILER,8330,TIMPTE INC.,5331,"TIMPTE, INC",13636,Timpte,2015,,,6,UNITED STATES (USA),NEBRASKA,DAVID CITY,,"Seventh VIN position indicates the additional length of the trailer to the nearest inch up to 9 inches. If the additional length is 10 inches or more the seventh character is zero (0) and the sixth character will be increased to the next foot. For example : a 42ft 9in trailer will be represent in VIN position 5, 6 & 7 as ""429"" and a 42ft 10in. trailer will be represented in VIN position 5 , 6 & 7 as ""430"" respectively.",61,Trailer,,,,,174,Dry Bulk Trailer,,,43.000,Dry Bulk-Bottom Hopper,2,,
201600362535,5,1,5EF2GC40*EB******,2021-12-20 08:12:10,0,6,TRAILER,4094,CHEETAH CHASSIS CORPORATION,4029,CHEETAH CHASSIS,8699,CHEETAH CHASSIS,2014,,,6,UNITED STATES (USA),PENNSYLVANIA,BERWICK,,,61,Trailer,,,,,46,Chassis,3,Gooseneck,40.000,,2,,
201600366540,3,1,1GRAA062*GE******,2021-12-20 08:12:10,0,6,TRAILER,1073,GREAT DANE TRAILERS,520,GREAT DANE TRAILERS,13436,Great Dane Trailers,2016,,,6,UNITED STATES (USA),GEORGIA,STATESBORO,,,61,Trailer,,,,,,,4,Straight Semi/Semi Trailer,53.000,Dry Freight Van / Reefer Van / Insulated Van,2,,
201600369470,1,1,1UYVS253*CU******,2021-12-20 08:12:10,0,6,TRAILER,10289,UTILITY TRAILER MANUFACTURING COMPANY,10138,UTILITY TRAILER MANUFACTURER,26222,Utility Trailer Manufacturer,2012,,,6,UNITED STATES (USA),UTAH,CLEARFIELD,,,61,Trailer,,,,,36,Van Trailer,4,Straight Semi/Semi Trailer,53.000,,2,,
201600369698,2,2,1JJV281W*4L******,2021-12-20 08:12:10,0,6,TRAILER,14508,WABASH NATIONAL CORPORATION,4847,WABASH NATIONAL CORPORATION,13327,Wabash National Corporation,2004,,,6,UNITED STATES (USA),INDIANA,LAFAYETTE,,,61,Trailer,,,,,36,Van Trailer,,,28.000,,1,,
201600369724,1,1,1W1UCS1J*SD******,2021-12-20 08:12:10,0,6,TRAILER,11681,WILSON TRAILER CO.,3855,WILSON TRAILER CO.,8390,Wilson Trailer Co.,1995,LH LOAD - SOLID PAN - FULL RAMP,,6,UNITED STATES (USA),SOUTH DAKOTA,YANKTON,PLANT 5,,61,Trailer,,,,,13,Livestock Trailer,,,52.000,PUNCHSIDE DROP CTR LVSK (PSDCL) W/DOGHOUSE,2,,
201600371617,2,1,1KKVE532*6L******,2021-12-20 08:12:10,0,6,TRAILER,2340,KENTUCKY MANUFACTURING CO.,2048,KENTUCKY MANUFACTURING CO./ KENTUCKY TRAILER/ KENTUCKY TRAILER TECH,5803,Kentucky Manufacturing Co./ Kentucky Trailer/ Kentucky Trailer Tech,2006,,,6,UNITED STATES (USA),KENTUCKY,LOUISVILLE,Kentucky Manufacturing Co.,,61,Trailer,,,,,36,Van Trailer,,,53.000,Body Type - Electronics,2,,
201600384441,2,1,3H3V532C*5T******,2021-12-20 08:12:10,0,6,TRAILER,14282,"HYUNDAI DE MEXICO, S.A. DE C.V.",4876,HYUNDAI TRANSLEAD TRAILERS,11496,Hyundai Translead Trailers,2005,,,12,MEXICO,BAJA CALIFORNIA,TIJUANA,,,61,Trailer,,,,,36,Van Trailer,,,53.000,Material: Aluminum/Steel,2,,
201600388690,2,1,1JJV532D*EL******,2021-12-20 08:12:10,0,6,TRAILER,14508,WABASH NATIONAL CORPORATION,4847,WABASH NATIONAL CORPORATION,10942,Dry Van Duraplate,2014,,,6,UNITED STATES (USA),INDIANA,LAFAYETTE,,,61,Trailer,,,,,36,Van Trailer,,,53.000,,2,,
201600393246,1,1,13N1482C*71******,2021-12-20 08:12:10,0,6,TRAILER,12268,FONTAINE COMMERCIAL PLATFORM,1128,FONTAINE TRAILER CO.,4416,Fontaine Trailer Co.,2007,,,6,UNITED STATES (USA),ALABAMA,HALEYVILLE,,Optional Features: Sliding Suspension,61,Trailer,,,,,6,Flat Bed Trailer/Platform Trailer,,,48.000,,2,,
201600395506,2,1,1C9SS562*1H473***,2021-12-20 08:12:10,0,6,TRAILER,17904,COMPETITION TRAILERS,9112,COMPETITION TRAILERS,23345,Competition Trailers,2001,,,6,UNITED STATES (USA),TEXAS,HENDERSON,,,61,Trailer,,,,,102,Standard,4,Straight Semi/Semi Trailer,56.000,,2,,
201600395524,3,1,1GRAA561*FB******,2021-12-20 08:12:10,0,6,TRAILER,1073,GREAT DANE TRAILERS,520,GREAT DANE TRAILERS,13436,Great Dane Trailers,2015,,,6,UNITED STATES (USA),INDIANA,BRAZIL,,,61,Trailer,,,,,,,4,Straight Semi/Semi Trailer,28.000,Dry Freight Van / Reefer Van / Insulated Van,1,,
201600395524,3,2,3H3V281C*7T******,2021-12-20 08:12:11,0,6,TRAILER,14282,"HYUNDAI DE MEXICO, S.A. DE C.V.",4876,HYUNDAI TRANSLEAD TRAILERS,11496,Hyundai Translead Trailers,2007,,,12,MEXICO,BAJA CALIFORNIA,TIJUANA,,,61,Trailer,,,,,36,Van Trailer,,,28.000,Material: Aluminum/Steel,1,,
201600397489,2,1,1DW1A532*CS******,2021-12-20 08:12:11,0,6,TRAILER,13506,"STOUGHTON TRAILERS, INC.",3414,STOUGHTON TRAILERS,7701,Stoughton trailers,2012,,,6,UNITED STATES (USA),WISCONSIN,STOUGHTON,"Stoughton Trailers, INC",,61,Trailer,,,,,36,Van Trailer,4,Straight Semi/Semi Trailer,53.000,,2,,
201600397643,2,1,1JJF482W*WL******,2021-12-20 08:12:11,0,6,TRAILER,14508,WABASH NATIONAL CORPORATION,4847,WABASH NATIONAL CORPORATION,13327,Wabash National Corporation,1998,,,6,UNITED STATES (USA),INDIANA,LAFAYETTE,,,61,Trailer,,,,,6,Flat Bed Trailer/Platform Trailer,,,48.000,,2,,
201600402942,1,1,1DW1A532*FS******,2021-12-20 08:12:11,0,6,TRAILER,13506,"STOUGHTON TRAILERS, INC.",3414,STOUGHTON TRAILERS,7701,Stoughton trailers,2015,,,6,UNITED STATES (USA),WISCONSIN,STOUGHTON,"Stoughton Trailers, INC",,61,Trailer,,,,,36,Van Trailer,4,Straight Semi/Semi Trailer,53.000,,2,,
201600403126,2,1,5JYLP422*4P******,2021-12-20 08:12:11,0,6,TRAILER,2290,PITTS ENTERPRISES INC,2831,PITTS TRAILERS,6775,Pitts Trailers,2004,,,6,UNITED STATES (USA),ALABAMA,PITTSVIEW,,,61,Trailer,,,,,19,Logging Trailer,,,42.000,Trailer Type: Plantation,2,,
201600406512,2,1,1UYVS253*7U******,2021-12-20 08:12:11,0,6,TRAILER,10289,UTILITY TRAILER MANUFACTURING COMPANY,10138,UTILITY TRAILER MANUFACTURER,26222,Utility Trailer Manufacturer,2007,,,6,UNITED STATES (USA),UTAH,CLEARFIELD,,,61,Trailer,,,,,36,Van Trailer,4,Straight Semi/Semi Trailer,53.000,,2,,
201600408763,1,1,5GLBU121*BC******,2021-12-20 08:12:11,0,6,TRAILER,15975,G.T. EXPRESS ENTERPRISES. INC.,5570,EXPRESS TRAILERS INC,14388,Express Trailers Inc,2011,,,6,UNITED STATES (USA),FLORIDA,CLEARWATER,,,61,Trailer,,,,,16,Utility Trailer,14,Bumper Pull,12.000,,1,,
201600416189,1,1,1S12E948*7E******,2021-12-20 08:12:11,0,6,TRAILER,14956,"STRICK TRAILERS, LLC",4977,STRICK COMMERCIAL TRAILER,12176,Strick Commercial Trailer,2007,Smooth Side,,6,UNITED STATES (USA),,MONROE,,,61,Trailer,,,,,,,4,Straight Semi/Semi Trailer,48.000,Dry Freight Van,2,3,Tandem
201600417919,2,1,1E1D1X28*WR******,2021-12-20 08:12:11,0,6,TRAILER,5338,EAST MANUFACTURING CORP.,1334,EAST MANUFACTURING CORP.,4686,East Manufacturing Corp,1998,,,6,UNITED STATES (USA),OHIO,RANDOLPH,,,61,Trailer,9,"Class 8: 33,001 lb and above (14,969 kg and above)",,,4,Dump Trailer/Dumping Trailer,30,Other,46.000,Steel Frame,2,,
201600419808,1,1,1E1D1X28*WR******,2021-12-20 08:12:11,0,6,TRAILER,5338,EAST MANUFACTURING CORP.,1334,EAST MANUFACTURING CORP.,4686,East Manufacturing Corp,1998,,,6,UNITED STATES (USA),OHIO,RANDOLPH,,,61,Trailer,9,"Class 8: 33,001 lb and above (14,969 kg and above)",,,4,Dump Trailer/Dumping Trailer,30,Other,46.000,Steel Frame,2,,
201600425758,1,1,1JJV532W*7L******,2021-12-20 08:12:11,0,6,TRAILER,14508,WABASH NATIONAL CORPORATION,4847,WABASH NATIONAL CORPORATION,13327,Wabash National Corporation,2007,,,6,UNITED STATES (USA),INDIANA,LAFAYETTE,,,61,Trailer,,,,,36,Van Trailer,,,53.000,,2,,
201600428149,1,1,1UYVS253*EM******,2021-12-20 08:12:12,0,6,TRAILER,10289,UTILITY TRAILER MANUFACTURING COMPANY,10138,UTILITY TRAILER MANUFACTURER,26222,Utility Trailer Manufacturer,2014,,,6,UNITED STATES (USA),VIRGINIA,MARION,,,61,Trailer,,,,,36,Van Trailer,4,Straight Semi/Semi Trailer,53.000,,2,,
201600428399,2,1,4U3J0533*8L******,2021-12-20 08:12:12,0,6,TRAILER,9213,"BULL MOOSE HEAVY HAUL, INC",6869,X-L SPECIALIZED TRAILERS INC,18367,X-L SPECIALIZED TRAILERS INC,2008,,,6,UNITED STATES (USA),IOWA,MANCHESTER,,,61,Trailer,,,,,,,,,53.000,"Front-loading Detachable/Non-Rigid Neck (MFG, MDE, HDG, HDE, Folding Goose Neck)",3,,
201600431095,1,1,1R1F3482*7K******,2021-12-20 08:12:12,0,6,TRAILER,9670,FONTAINE TRAILER COMPANY,7854,FONTAINE TRAILER,21047,Fontaine Trailer,2007,"102"" Phantom",,6,UNITED STATES (USA),OHIO,KENT,,,61,Trailer,,,,,6,Flat Bed Trailer/Platform Trailer,,,48.000,,2,,
201600432281,1,1,1GRAA062*RS******,2021-12-20 08:12:12,0,6,TRAILER,1073,GREAT DANE TRAILERS,520,GREAT DANE TRAILERS,13436,Great Dane Trailers,1994,,,6,UNITED STATES (USA),GEORGIA,SAVANNAH,,,61,Trailer,,,,,36,Van Trailer,4,Straight Semi/Semi Trailer,53.000,Trailer Type = Dry Freight/ Reefer/ Insulated Van,2,,
201600433351,1,1,4WWGHB6A*3M******,2021-12-20 08:12:12,0,6,TRAILER,11681,WILSON TRAILER CO.,3855,WILSON TRAILER CO.,8390,Wilson Trailer Co.,2003,ALUMINUM CROSSBAR - 18 INCH CENTERS (CF-CFD),,6,UNITED STATES (USA),MISSOURI,MOBERLY,Plant 6,,61,Trailer,,,,,,,,,48.000,Type of Trailer: ALUM FRAME FLATBED - (ACF),2,,
201600438981,1,1,4U7K6DS1*51******,2021-12-20 08:12:12,0,5,BUS,981,COUNTRY COACH CORPORATION,462,COUNTRY COACH,1787,Inspire,2005,,,6,UNITED STATES (USA),OREGON,JUNCTION CITY,,,108,Motorhome,9,"Class 8: 33,001 lb and above (14,969 kg and above)",,,0,Not Applicable,0,Not Applicable,,,,,
201600440811,3,1,3H3V532C*6T******,2021-12-20 08:12:12,0,6,TRAILER,14282,"HYUNDAI DE MEXICO, S.A. DE C.V.",4876,HYUNDAI TRANSLEAD TRAILERS,11496,Hyundai Translead Trailers,2006,,,12,MEXICO,BAJA CALIFORNIA,TIJUANA,,,61,Trailer,,,,,36,Van Trailer,,,53.000,Material: Aluminum/Steel,2,,
201600445509,1,1,5LKL5335*91******,2021-12-20 08:12:12,0,6,TRAILER,3083,LOAD KING LLC,8486,LOAD KING,22419,Load King,2009,,,6,UNITED STATES (USA),SOUTH DAKOTA,ELK POINT,,,61,Trailer,,,,,11,Lowboy/Low bed Trailer,,,53.000,Frame Capacity of Trailer: 46-55 US tons,3,,
201600451339,2,1,1UYFS248*7A******,2021-12-20 08:12:12,0,6,TRAILER,10289,UTILITY TRAILER MANUFACTURING COMPANY,10138,UTILITY TRAILER MANUFACTURER,26222,Utility Trailer Manufacturer,2007,,,6,UNITED STATES (USA),ALABAMA,ENTERPRISE,,,61,Trailer,,,,,6,Flat Bed Trailer/Platform Trailer,4,Straight Semi/Semi Trailer,48.000,,2,,
201600452114,1,1,5ZT3SN4B*FG******,2021-12-20 08:12:12,0,6,TRAILER,1084,"FOREST RIVER, INC.",531,FOREST RIVER,3083,Sanibel,2015,,,6,UNITED STATES (USA),INDIANA,WAKARUSA,,Address: 400 SR 19 N,61,Trailer,,,,,26,Fifth Wheel,,,39.000,,,3,Tandem
201600452114,2,1,5ZT3SN4B*FG******,2021-12-20 08:12:12,0,6,TRAILER,1084,"FOREST RIVER, INC.",531,FOREST RIVER,3083,Sanibel,2015,,,6,UNITED STATES (USA),INDIANA,WAKARUSA,,Address: 400 SR 19 N,61,Trailer,,,,,26,Fifth Wheel,,,39.000,,,3,Tandem
201600452607,1,1,1UYFS248*DA******,2021-12-20 08:12:13,0,6,TRAILER,10289,UTILITY TRAILER MANUFACTURING COMPANY,10138,UTILITY TRAILER MANUFACTURER,26222,Utility Trailer Manufacturer,2013,,,6,UNITED STATES (USA),ALABAMA,ENTERPRISE,,,61,Trailer,,,,,6,Flat Bed Trailer/Platform Trailer,4,Straight Semi/Semi Trailer,48.000,,2,,
201600455147,1,1,1J4GW48S*4C******,2021-12-20 08:12:13,0,7,MULTIPURPOSE PASSENGER VEHICLE (MPV),994,FCA US LLC,483,JEEP,1949,Grand Cherokee,2004,WJ,Laredo,6,UNITED STATES (USA),MICHIGAN,DETROIT,Jefferson North Assembly,,7,Sport Utility Vehicle (SUV)/Multi-Purpose Vehicle (MPV),13,"Class 1D: 5,001 - 6,000 lb (2,268 - 2,722 kg)",,,0,Not Applicable,0,Not Applicable,,,,,
201600455147,2,1,1GRAA962*EB******,2021-12-20 08:12:13,0,6,TRAILER,1073,GREAT DANE TRAILERS,520,GREAT DANE TRAILERS,13436,Great Dane Trailers,2014,,,6,UNITED STATES (USA),INDIANA,BRAZIL,,,61,Trailer,,,,,,,4,Straight Semi/Semi Trailer,48.000,Dry Freight Van / Reefer Van / Insulated Van,2,,
201600455623,2,1,1S12E953*4E******,2021-12-20 08:12:13,0,6,TRAILER,14956,"STRICK TRAILERS, LLC",4977,STRICK COMMERCIAL TRAILER,12176,Strick Commercial Trailer,2004,Smooth Side,,6,UNITED STATES (USA),,MONROE,,,61,Trailer,,,,,,,4,Straight Semi/Semi Trailer,53.000,Dry Freight Van,2,3,Tandem
201600455953,2,1,5NHULV01*BN******,2021-12-20 08:12:13,0,6,TRAILER,1084,"FOREST RIVER, INC.",531,FOREST RIVER,3027,Limited Edition Value Hauler,2011,,,6,UNITED STATES (USA),INDIANA,ELKHART,,29618 C.R. 12,61,Trailer,,,,,16,Utility Trailer,,,10.000,,1,,
201600461707,2,1,1GRAA962*DB******,2021-12-20 08:12:14,0,6,TRAILER,1073,GREAT DANE TRAILERS,520,GREAT DANE TRAILERS,13436,Great Dane Trailers,2013,,,6,UNITED STATES (USA),INDIANA,BRAZIL,,,61,Trailer,,,,,,,4,Straight Semi/Semi Trailer,48.000,Dry Freight Van / Reefer Van / Insulated Van,2,,
201600462234,1,1,1T9FC39B*21066***,2021-12-20 08:12:14,0,6,TRAILER,15378,TRAILSTAR  MANUFACTURING CORPORATION,5946,TRAILSTAR,15642,TrailStar Manufacturing Corp,2002,,,6,UNITED STATES (USA),OHIO,ALLIANCE,,,61,Trailer,,,,,,,,,39.000,Steel and Aluminum Construction,2,,
201600462660,2,1,1JJF482W*1S******,2021-12-20 08:12:14,0,6,TRAILER,14508,WABASH NATIONAL CORPORATION,4847,WABASH NATIONAL CORPORATION,13327,Wabash National Corporation,2001,,,6,UNITED STATES (USA),TENNESSEE,SCOTT COUNTY,,,61,Trailer,,,,,6,Flat Bed Trailer/Platform Trailer,,,48.000,,2,,
201600466187,2,1,1UNST442*AS******,2021-12-20 08:12:14,0,6,TRAILER,1739,"DRAGON PRODUCTS, LTD",956,DRAGON PRODUCTS,4976,Dragon Products,2010,,,6,UNITED STATES (USA),TEXAS,SILSBEE,,,61,Trailer,,,,,15,Tank Trailer,4,Straight Semi/Semi Trailer,44.000,,2,,
201600466655,1,1,1JJV532W*7L******,2021-12-20 08:12:14,0,6,TRAILER,14508,WABASH NATIONAL CORPORATION,4847,WABASH NATIONAL CORPORATION,13327,Wabash National Corporation,2007,,,6,UNITED STATES (USA),INDIANA,LAFAYETTE,,,61,Trailer,,,,,36,Van Trailer,,,53.000,,2,,
201600469417,1,1,5V8VA532*GM******,2021-12-20 08:12:14,0,6,TRAILER,16522,VANGUARD NATIONAL TRAILER CORPORATION (VNTC),6474,VANGUARD NATIONAL TRAILER CORPORATION (VNTC),17782,VANGUARD NATIONAL TRAILER CORPORATION (VNTC),2016,,,6,UNITED STATES (USA),INDIANA,MONON,,,61,Trailer,,,,,,,,,53.000,Interior Post Aluminum Semi Trailer,2,3,Tandem
201600470898,1,1,1JJE532B*VL******,2021-12-20 08:12:14,0,6,TRAILER,14508,WABASH NATIONAL CORPORATION,4847,WABASH NATIONAL CORPORATION,22475,FRP Semi-Can,1997,,,6,UNITED STATES (USA),INDIANA,LAFAYETTE,,,61,Trailer,,,,,143,Reefer Trailer,,,53.000,,2,,
201600472766,2,1,5HTSN422*V7******,2021-12-20 08:12:14,0,6,TRAILER,5564,"HEIL TRAILER INTERNATIONAL, CO",2365,"HEIL TRAILER INTERNATIONAL, CO.",6142,"Heil Trailer International, Co.",1997,,,6,UNITED STATES (USA),TENNESSEE,ATHENS,,Body Shape: Jet,61,Trailer,,,,,103,Bulk,,,42.000,Al Pneumatic,2,,
201600472837,1,1,1JJV532D*EL******,2021-12-20 08:12:14,0,6,TRAILER,14508,WABASH NATIONAL CORPORATION,4847,WABASH NATIONAL CORPORATION,10942,Dry Van Duraplate,2014,,,6,UNITED STATES (USA),INDIANA,LAFAYETTE,,,61,Trailer,,,,,36,Van Trailer,,,53.000,,2,,
201600473177,1,1,5V8VC532*GM******,2021-12-20 08:12:14,0,6,TRAILER,16522,VANGUARD NATIONAL TRAILER CORPORATION (VNTC),6474,VANGUARD NATIONAL TRAILER CORPORATION (VNTC),17782,VANGUARD NATIONAL TRAILER CORPORATION (VNTC),2016,,,6,UNITED STATES (USA),INDIANA,MONON,,,61,Trailer,,,,,,,,,53.000,Dry Freight Van,2,3,Tandem
201600473840,2,1,5MADA323*BC******,2021-12-20 08:12:14,0,6,TRAILER,5950,"MAC TRAILER MFG, INC.",6826,MAC TRAILER MANUFACTURING,18288,MAC TRAILER MANUFACTURING,2011,,,6,UNITED STATES (USA),OHIO,ALLIANCE,,Commerce Street,61,Trailer,,,,,4,Dump Trailer/Dumping Trailer,,,32.000,Aluminum Frame,3,,
201600475710,2,1,LJRC5426*C1******,2021-12-20 08:12:15,0,6,TRAILER,9950,"CIMC VEHICLES GROUP CO., LTD.",4101,CIMC VEHICLES GROUP CO,8811,CIMC VEHICLES GROUP CO,2012,,,8,CHINA,,SHENZHEN,,"GVWR = 30,000-34,990kg",61,Trailer,9,"Class 8: 33,001 lb and above (14,969 kg and above)",,,109,Container Chassis/Container Trailer,,,54.000,,2,,
201600481128,1,1,1GRAA062*GB******,2021-12-20 08:12:15,0,6,TRAILER,1073,GREAT DANE TRAILERS,520,GREAT DANE TRAILERS,13436,Great Dane Trailers,2016,,,6,UNITED STATES (USA),INDIANA,BRAZIL,,,61,Trailer,,,,,,,4,Straight Semi/Semi Trailer,53.000,Dry Freight Van / Reefer Van / Insulated Van,2,,
201600481777,1,1,1JJV532D*BL******,2021-12-20 08:12:15,0,6,TRAILER,14508,WABASH NATIONAL CORPORATION,4847,WABASH NATIONAL CORPORATION,10942,Dry Van Duraplate,2011,,,6,UNITED STATES (USA),INDIANA,LAFAYETTE,,,61,Trailer,,,,,36,Van Trailer,,,53.000,,2,,
201600488458,1,1,1GRDM902*YM******,2021-12-20 08:12:15,0,6,TRAILER,1073,GREAT DANE TRAILERS,520,GREAT DANE TRAILERS,13436,Great Dane Trailers,2000,,,6,UNITED STATES (USA),TENNESSEE,MEMPHIS,,,61,Trailer,,,,,6,Flat Bed Trailer/Platform Trailer,4,Straight Semi/Semi Trailer,45.000,Body Type = Straight Deck/ Extendable,2,,
201600498812,2,1,1UYVS253*6G******,2021-12-20 08:12:15,0,6,TRAILER,10289,UTILITY TRAILER MANUFACTURING COMPANY,10138,UTILITY TRAILER MANUFACTURER,26222,Utility Trailer Manufacturer,2006,,,6,UNITED STATES (USA),VIRGINIA,GLADE SPRING,,,61,Trailer,,,,,36,Van Trailer,4,Straight Semi/Semi Trailer,53.000,,2,,
201600501717,3,1,1JJV532W*7L******,2021-12-20 08:12:15,0,6,TRAILER,14508,WABASH NATIONAL CORPORATION,4847,WABASH NATIONAL CORPORATION,13327,Wabash National Corporation,2007,,,6,UNITED STATES (USA),INDIANA,LAFAYETTE,,,61,Trailer,,,,,36,Van Trailer,,,53.000,,2,,
201600501725,2,1,1JJV532D*GL******,2021-12-20 08:12:15,0,6,TRAILER,14508,WABASH NATIONAL CORPORATION,4847,WABASH NATIONAL CORPORATION,10942,Dry Van Duraplate,2016,,,6,UNITED STATES (USA),INDIANA,LAFAYETTE,,,61,Trailer,,,,,36,Van Trailer,,,53.000,,2,,
201600504138,1,1,LJRC4126*61******,2021-12-20 08:12:15,0,6,TRAILER,9950,"CIMC VEHICLES GROUP CO., LTD.",4101,CIMC VEHICLES GROUP CO,8811,CIMC VEHICLES GROUP CO,2006,,,8,CHINA,,SHENZHEN,,"GVWR = 30,000-34,990kg",61,Trailer,9,"Class 8: 33,001 lb and above (14,969 kg and above)",,,109,Container Chassis/Container Trailer,,,41.000,,2,,
201600510724,2,1,1UYFS253*DA******,2021-12-20 08:12:15,0,6,TRAILER,10289,UTILITY TRAILER MANUFACTURING COMPANY,10138,UTILITY TRAILER MANUFACTURER,26222,Utility Trailer Manufacturer,2013,,,6,UNITED STATES (USA),ALABAMA,ENTERPRISE,,,61,Trailer,,,,,6,Flat Bed Trailer/Platform Trailer,4,Straight Semi/Semi Trailer,53.000,,2,,
201600512025,1,1,1FM5K8F8*DG******,2021-12-20 08:12:15,0,7,MULTIPURPOSE PASSENGER VEHICLE (MPV),976,"FORD MOTOR COMPANY, USA",460,FORD,1800,Explorer,2013,Limited,,6,UNITED STATES (USA),ILLINOIS,CHICAGO,Chicago Assembly,,7,Sport Utility Vehicle (SUV)/Multi-Purpose Vehicle (MPV),14,"Class 2E: 6,001 - 7,000 lb (2,722 - 3,175 kg)",,,0,Not Applicable,0,Not Applicable,,,,,
201600516588,2,1,1LH835VH*F1******,2021-12-20 08:12:16,0,6,TRAILER,3729,"LANDOLL COMPANY, LLC",2123,LANDOLL CORPORATION,5894,Landoll Corporation,2015,Model 835E,,6,UNITED STATES (USA),KANSAS,MARYSVILLE,Landoll Corporation,Axle Type: dual wheels,61,Trailer,9,"Class 8: 33,001 lb and above (14,969 kg and above)",,,,,5,Fifth Wheel,,"Trailer Length (feet): 50, 51",2,3,Tandem
201600516761,1,1,1T9FC28B*21066***,2021-12-20 08:12:16,0,6,TRAILER,15378,TRAILSTAR  MANUFACTURING CORPORATION,5946,TRAILSTAR,15642,TrailStar Manufacturing Corp,2002,,,6,UNITED STATES (USA),OHIO,ALLIANCE,,,61,Trailer,,,,,,,,,28.000,Steel and Aluminum Construction,2,,
201600518257,3,1,1PMA2442*E5******,2021-12-20 08:12:16,1,6,TRAILER,6179,"POLAR TANK TRAILER, LLC",2921,POLAR TANK TRAILER,6874,Polar Tank Trailer,2014,,,6,UNITED STATES (USA),MISSOURI,SPRINGFIELD,,,61,Trailer,,,,,15,Tank Trailer,30,Other,44.000,Vessel Code: DOT 406,2,,
201600520412,1,1,1UYVS253*GU******,2021-12-20 08:12:16,0,6,TRAILER,10289,UTILITY TRAILER MANUFACTURING COMPANY,10138,UTILITY TRAILER MANUFACTURER,26222,Utility Trailer Manufacturer,2016,,,6,UNITED STATES (USA),UTAH,CLEARFIELD,,,61,Trailer,,,,,36,Van Trailer,4,Straight Semi/Semi Trailer,53.000,,2,,
201600527673,1,1,1T9GF402*FL847***,2021-12-20 08:12:16,0,6,TRAILER,10163,T & B WELDING & TRAILERS,4367,T & B WELDING & TRAILERS,9171,T & B Welding & Trailers,2015,,,6,UNITED STATES (USA),MISSOURI,LOCKWOOD,,,61,Trailer,,,,,6,Flat Bed Trailer/Platform Trailer,3,Gooseneck,40.000,,2,,
201600538426,2,1,1JJV532D*GL******,2021-12-20 08:12:16,0,6,TRAILER,14508,WABASH NATIONAL CORPORATION,4847,WABASH NATIONAL CORPORATION,10942,Dry Van Duraplate,2016,,,6,UNITED STATES (USA),INDIANA,LAFAYETTE,,,61,Trailer,,,,,36,Van Trailer,,,53.000,,2,,
201600544305,1,1,1GRAP062*GT******,2021-12-20 08:12:16,0,6,TRAILER,1073,GREAT DANE TRAILERS,520,GREAT DANE TRAILERS,13436,Great Dane Trailers,2016,,,6,UNITED STATES (USA),INDIANA,TERRE HAUTE,,,61,Trailer,,,,,,,4,Straight Semi/Semi Trailer,53.000,Dry Freight Van / Reefer Van / Insulated Van,2,,
201600544371,2,1,1JJV512W*4L******,2021-12-20 08:12:16,0,6,TRAILER,14508,WABASH NATIONAL CORPORATION,4847,WABASH NATIONAL CORPORATION,13327,Wabash National Corporation,2004,,,6,UNITED STATES (USA),INDIANA,LAFAYETTE,,,61,Trailer,,,,,36,Van Trailer,,,51.000,,2,,
201600544449,1,1,1TTF532C*G3******,2021-12-20 08:12:16,0,6,TRAILER,8231,TRANSCRAFT CORPORATION,10511,TRANSCRAFT,27663,Combo Steel/Alum Flatbed,2016,,,6,UNITED STATES (USA),KENTUCKY,CADIZ,,,61,Trailer,,,,,6,Flat Bed Trailer/Platform Trailer,6,Kingpin,53.000,,2,,
201600545482,2,1,13N14820*A1******,2021-12-20 08:12:16,0,6,TRAILER,12268,FONTAINE COMMERCIAL PLATFORM,1128,FONTAINE TRAILER CO.,4416,Fontaine Trailer Co.,2010,,,6,UNITED STATES (USA),ALABAMA,HALEYVILLE,,Optional Features: None,61,Trailer,,,,,6,Flat Bed Trailer/Platform Trailer,,,48.000,,2,,
201600560890,1,1,5V8VC532*GM******,2021-12-20 08:12:16,0,6,TRAILER,16522,VANGUARD NATIONAL TRAILER CORPORATION (VNTC),6474,VANGUARD NATIONAL TRAILER CORPORATION (VNTC),17782,VANGUARD NATIONAL TRAILER CORPORATION (VNTC),2016,,,6,UNITED STATES (USA),INDIANA,MONON,,,61,Trailer,,,,,,,,,53.000,Dry Freight Van,2,3,Tandem
201600560890,2,1,1JJV532D*EL******,2021-12-20 08:12:17,0,6,TRAILER,14508,WABASH NATIONAL CORPORATION,4847,WABASH NATIONAL CORPORATION,10942,Dry Van Duraplate,2014,,,6,UNITED STATES (USA),INDIANA,LAFAYETTE,,,61,Trailer,,,,,36,Van Trailer,,,53.000,,2,,
201600564838,2,1,1GRAA062*HT******,2021-12-20 08:12:17,0,6,TRAILER,1073,GREAT DANE TRAILERS,520,GREAT DANE TRAILERS,13436,Great Dane Trailers,2017,,,6,UNITED STATES (USA),INDIANA,TERRE HAUTE,,,61,Trailer,,,,,,,4,Straight Semi/Semi Trailer,53.000,Dry Freight Van / Reefer Van / Insulated Van,2,,
201600567890,2,1,1S9SS402*EL476***,2021-12-20 08:12:17,0,6,TRAILER,8211,SMITHCO MANUFACTURING,6887,SMITHCO MANUFACTURING,18396,SMITHCO MANUFACTURING,2014,,,6,UNITED STATES (USA),IOWA,LE MARS,,,61,Trailer,,,,,22,Side Dump Trailer,,,40.000,I-Beam,2,,
201600576365,1,1,JH4DC435*VS******,2021-12-20 08:12:17,0,2,PASSENGER CAR,987,"HONDA MOTOR CO., LTD",475,ACURA,5063,Integra,1997,LS,,3,JAPAN,MIE,SUZUKA,,,5,Hatchback/Liftback/Notchback,,,,,0,Not Applicable,0,Not Applicable,,,,,
201600577112,1,1,1GRAP062*GT******,2021-12-20 08:12:18,0,6,TRAILER,1073,GREAT DANE TRAILERS,520,GREAT DANE TRAILERS,13436,Great Dane Trailers,2016,,,6,UNITED STATES (USA),INDIANA,TERRE HAUTE,,,61,Trailer,,,,,,,4,Straight Semi/Semi Trailer,53.000,Dry Freight Van / Reefer Van / Insulated Van,2,,
201600579743,2,1,1TTF482C*E3******,2021-12-20 08:12:18,0,6,TRAILER,8231,TRANSCRAFT CORPORATION,10511,TRANSCRAFT,27663,Combo Steel/Alum Flatbed,2014,,,6,UNITED STATES (USA),KENTUCKY,CADIZ,,,61,Trailer,,,,,6,Flat Bed Trailer/Platform Trailer,6,Kingpin,48.000,,2,,
201600584148,2,1,1UYVS248*FU******,2021-12-20 08:12:18,0,6,TRAILER,10289,UTILITY TRAILER MANUFACTURING COMPANY,10138,UTILITY TRAILER MANUFACTURER,26222,Utility Trailer Manufacturer,2015,,,6,UNITED STATES (USA),UTAH,CLEARFIELD,,,61,Trailer,,,,,36,Van Trailer,4,Straight Semi/Semi Trailer,48.000,,2,,
201600584338,2,1,1GRAA062*4W******,2021-12-20 08:12:18,0,6,TRAILER,1073,GREAT DANE TRAILERS,520,GREAT DANE TRAILERS,13436,Great Dane Trailers,2004,,,6,UNITED STATES (USA),NEBRASKA,WAYNE,,,61,Trailer,,,,,36,Van Trailer,4,Straight Semi/Semi Trailer,53.000,Trailer Type = Dry Freight/ Reefer/ Insulated Van,2,,
201600585379,1,1,3H3V462C*6T******,2021-12-20 08:12:18,0,6,TRAILER,14282,"HYUNDAI DE MEXICO, S.A. DE C.V.",4876,HYUNDAI TRANSLEAD TRAILERS,11496,Hyundai Translead Trailers,2006,,,12,MEXICO,BAJA CALIFORNIA,TIJUANA,,,61,Trailer,,,,,36,Van Trailer,,,46.000,Material: Aluminum/Steel,2,,
201600586234,1,1,1JJV482D*FL******,2021-12-20 08:12:18,0,6,TRAILER,14508,WABASH NATIONAL CORPORATION,4847,WABASH NATIONAL CORPORATION,10942,Dry Van Duraplate,2015,,,6,UNITED STATES (USA),INDIANA,LAFAYETTE,,,61,Trailer,,,,,36,Van Trailer,,,48.000,,2,,
201600589847,1,1,1DW1A532*AS******,2021-12-20 08:12:18,0,6,TRAILER,13506,"STOUGHTON TRAILERS, INC.",3414,STOUGHTON TRAILERS,7701,Stoughton trailers,2010,,,6,UNITED STATES (USA),WISCONSIN,STOUGHTON,"Stoughton Trailers, INC",,61,Trailer,,,,,36,Van Trailer,4,Straight Semi/Semi Trailer,53.000,,2,,
201600589847,2,1,1GRAP062*EJ******,2021-12-20 08:12:18,0,6,TRAILER,1073,GREAT DANE TRAILERS,520,GREAT DANE TRAILERS,13436,Great Dane Trailers,2014,,,6,UNITED STATES (USA),ARKANSAS,JONESBORO,,"Jacksonville Florida (ended 02/1988); Jonesboro, Arkansas (effective 09/03/02)",61,Trailer,,,,,,,4,Straight Semi/Semi Trailer,53.000,Dry Freight Van / Reefer Van / Insulated Van,2,,
201600591036,2,1,1UYVS253*DU******,2021-12-20 08:12:18,0,6,TRAILER,10289,UTILITY TRAILER MANUFACTURING COMPANY,10138,UTILITY TRAILER MANUFACTURER,26222,Utility Trailer Manufacturer,2013,,,6,UNITED STATES (USA),UTAH,CLEARFIELD,,,61,Trailer,,,,,36,Van Trailer,4,Straight Semi/Semi Trailer,53.000,,2,,
201600598362,2,1,1GRAA561*4K******,2021-12-20 08:12:18,0,6,TRAILER,1073,GREAT DANE TRAILERS,520,GREAT DANE TRAILERS,13436,Great Dane Trailers,2004,,,6,UNITED STATES (USA),ILLINOIS,KEWANEE,,Effective 01/01/00,61,Trailer,,,,,36,Van Trailer,4,Straight Semi/Semi Trailer,28.000,Trailer Type = Dry Freight/ Reefer/ Insulated Van,1,,
201600598362,2,2,1GRAA561*4K******,2021-12-20 08:12:18,0,6,TRAILER,1073,GREAT DANE TRAILERS,520,GREAT DANE TRAILERS,13436,Great Dane Trailers,2004,,,6,UNITED STATES (USA),ILLINOIS,KEWANEE,,Effective 01/01/00,61,Trailer,,,,,36,Van Trailer,4,Straight Semi/Semi Trailer,28.000,Trailer Type = Dry Freight/ Reefer/ Insulated Van,1,,
201600598915,1,1,1UYVS253*GM******,2021-12-20 08:12:18,0,6,TRAILER,10289,UTILITY TRAILER MANUFACTURING COMPANY,10138,UTILITY TRAILER MANUFACTURER,26222,Utility Trailer Manufacturer,2016,,,6,UNITED STATES (USA),VIRGINIA,MARION,,,61,Trailer,,,,,36,Van Trailer,4,Straight Semi/Semi Trailer,53.000,,2,,
201600602459,2,1,3H3V532C*FT******,2021-12-20 08:12:19,0,6,TRAILER,14282,"HYUNDAI DE MEXICO, S.A. DE C.V.",4876,HYUNDAI TRANSLEAD TRAILERS,11496,Hyundai Translead Trailers,2015,,,12,MEXICO,BAJA CALIFORNIA,TIJUANA,,,61,Trailer,,,,,36,Van Trailer,,,53.000,Material: Aluminum/Steel,2,,
201600603652,1,1,1GRAA062*4J******,2021-12-20 08:12:19,1,6,TRAILER,1073,GREAT DANE TRAILERS,520,GREAT DANE TRAILERS,13436,Great Dane Trailers,2004,,,6,UNITED STATES (USA),ARKANSAS,JONESBORO,,,61,Trailer,,,,,36,Van Trailer,4,Straight Semi/Semi Trailer,53.000,Trailer Type = Dry Freight/ Reefer/ Insulated Van,2,,
201600607647,1,1,1UYVS248*TM******,2021-12-20 08:12:19,0,6,TRAILER,10289,UTILITY TRAILER MANUFACTURING COMPANY,10138,UTILITY TRAILER MANUFACTURER,26222,Utility Trailer Manufacturer,1996,,,6,UNITED STATES (USA),VIRGINIA,MARION,,,61,Trailer,,,,,36,Van Trailer,4,Straight Semi/Semi Trailer,48.000,,2,,
201600607688,1,1,1LGABAJ1*N1******,2021-12-20 08:12:19,0,6,TRAILER,15227,"LONG TRAILER COMPANY, INC",6073,LONG TRAILER COMPANY,15972,500WCSG,2022,,,6,UNITED STATES (USA),NORTH CAROLINA,TARBORO,,Semi Trailer - Tandem Axle,61,Trailer,,,,,2,Boat Trailer,,,14.000,"GAWR 1180 with 4.80-8 B , Tires = 8 x 3.75 , Rims at 60 PSI",,,
201600607688,2,1,1GRAA062*6T******,2021-12-20 08:12:19,0,6,TRAILER,1073,GREAT DANE TRAILERS,520,GREAT DANE TRAILERS,13436,Great Dane Trailers,2006,,,6,UNITED STATES (USA),INDIANA,TERRE HAUTE,,Effective 03/01/00,61,Trailer,,,,,36,Van Trailer,4,Straight Semi/Semi Trailer,53.000,Trailer Type = Dry Freight/ Reefer/ Insulated Van,2,,
201600607695,1,1,1UYVS253*FM******,2021-12-20 08:12:19,0,6,TRAILER,10289,UTILITY TRAILER MANUFACTURING COMPANY,10138,UTILITY TRAILER MANUFACTURER,26222,Utility Trailer Manufacturer,2015,,,6,UNITED STATES (USA),VIRGINIA,MARION,,,61,Trailer,,,,,36,Van Trailer,4,Straight Semi/Semi Trailer,53.000,,2,,
201600608512,1,1,1JJV532W*WL******,2021-12-20 08:12:19,0,6,TRAILER,14508,WABASH NATIONAL CORPORATION,4847,WABASH NATIONAL CORPORATION,13327,Wabash National Corporation,1998,,,6,UNITED STATES (USA),INDIANA,LAFAYETTE,,,61,Trailer,,,,,36,Van Trailer,,,53.000,,2,,
201600608530,1,1,3H3V532C*DT******,2021-12-20 08:12:19,0,6,TRAILER,14282,"HYUNDAI DE MEXICO, S.A. DE C.V.",4876,HYUNDAI TRANSLEAD TRAILERS,11496,Hyundai Translead Trailers,2013,,,12,MEXICO,BAJA CALIFORNIA,TIJUANA,,,61,Trailer,,,,,36,Van Trailer,,,53.000,Material: Aluminum/Steel,2,,
201600609683,1,1,4Z1PB252*GS******,2021-12-20 08:12:19,0,6,TRAILER,9165,GATOR MADE INC.,4039,GATOR MADE,8711,Gator Made Inc.,2016,,,6,UNITED STATES (USA),,SOMERSET,Gator Made Inc.,,61,Trailer,,,,,,,2,Pintle Hitch/Hook,25.000,"Hitch Type - Flat 2 5/16"" Ball",2,,
201600610439,1,1,5JUBT222*CT******,2021-12-20 08:12:19,0,6,TRAILER,3854,"MARINE MASTER TRAILERS, LLC",8421,MARINE MASTER TRAILERS,22342,Marine Master Trailers,2012,,,6,UNITED STATES (USA),TENNESSEE,TULLAHOMA,,,61,Trailer,,,,,2,Boat Trailer,,,22.000,Tube Frame,2,,
201600612974,1,1,1JJV532W*5L******,2021-12-20 08:12:19,0,6,TRAILER,14508,WABASH NATIONAL CORPORATION,4847,WABASH NATIONAL CORPORATION,13327,Wabash National Corporation,2005,,,6,UNITED STATES (USA),INDIANA,LAFAYETTE,,,61,Trailer,,,,,36,Van Trailer,,,53.000,,2,,
201600613265,1,1,3H3V532C*4T******,2021-12-20 08:12:19,0,6,TRAILER,14282,"HYUNDAI DE MEXICO, S.A. DE C.V.",4876,HYUNDAI TRANSLEAD TRAILERS,11496,Hyundai Translead Trailers,2004,,,12,MEXICO,BAJA CALIFORNIA,TIJUANA,,,61,Trailer,,,,,36,Van Trailer,,,53.000,Material: Aluminum/Steel,2,,
201600613498,1,1,1JJV532W*5L******,2021-12-20 08:12:19,0,6,TRAILER,14508,WABASH NATIONAL CORPORATION,4847,WABASH NATIONAL CORPORATION,13327,Wabash National Corporation,2005,,,6,UNITED STATES (USA),INDIANA,LAFAYETTE,,,61,Trailer,,,,,36,Van Trailer,,,53.000,,2,,
201600615200,3,1,1XPBDE8X*RN******,2021-12-20 08:12:19,0,3,TRUCK,1033,PETERBILT MOTORS COMPANY,495,PETERBILT,9717,375,1994,,,6,UNITED STATES (USA),TENNESSEE,MADISON,Peterbilt,,66,Truck-Tractor,9,"Class 8: 33,001 lb and above (14,969 kg and above)",,,0,Not Applicable,0,Not Applicable,,,,,
201600617400,1,1,5TGUS111*7F******,2021-12-20 08:12:19,0,6,TRAILER,9851,"SMART TRANSPORT SOLUTIONS, INC.",3753,SMART TRANSPORT SOLUTIONS,8220,SMART TRANSPORT SOLUTIONS,2007,,,6,UNITED STATES (USA),WISCONSIN,FOX LAKE,,,61,Trailer,,,,,16,Utility Trailer,,,11.000,Frame Type = Square Tube,1,,
201600620365,1,1,5JYLT402*2P******,2021-12-20 08:12:20,0,6,TRAILER,2290,PITTS ENTERPRISES INC,2831,PITTS TRAILERS,6775,Pitts Trailers,2002,,,6,UNITED STATES (USA),ALABAMA,PITTSVIEW,,,61,Trailer,,,,,,,4,Straight Semi/Semi Trailer,40.000,,2,,
201600620565,1,1,1UYVS253*DM******,2021-12-20 08:12:20,0,6,TRAILER,10289,UTILITY TRAILER MANUFACTURING COMPANY,10138,UTILITY TRAILER MANUFACTURER,26222,Utility Trailer Manufacturer,2013,,,6,UNITED STATES (USA),VIRGINIA,MARION,,,61,Trailer,,,,,36,Van Trailer,4,Straight Semi/Semi Trailer,53.000,,2,,
201600622045,2,1,3H3V532C*CT******,2021-12-20 08:12:20,0,6,TRAILER,14282,"HYUNDAI DE MEXICO, S.A. DE C.V.",4876,HYUNDAI TRANSLEAD TRAILERS,11496,Hyundai Translead Trailers,2012,,,12,MEXICO,BAJA CALIFORNIA,TIJUANA,,,61,Trailer,,,,,36,Van Trailer,,,53.000,Material: Aluminum/Steel,2,,
201600627056,1,1,1JJV532D*GL******,2021-12-20 08:12:20,0,6,TRAILER,14508,WABASH NATIONAL CORPORATION,4847,WABASH NATIONAL CORPORATION,10942,Dry Van Duraplate,2016,,,6,UNITED STATES (USA),INDIANA,LAFAYETTE,,,61,Trailer,,,,,36,Van Trailer,,,53.000,,2,,
201600631443,2,1,1UYVS253*EM******,2021-12-20 08:12:20,0,6,TRAILER,10289,UTILITY TRAILER MANUFACTURING COMPANY,10138,UTILITY TRAILER MANUFACTURER,26222,Utility Trailer Manufacturer,2014,,,6,UNITED STATES (USA),VIRGINIA,MARION,,,61,Trailer,,,,,36,Van Trailer,4,Straight Semi/Semi Trailer,53.000,,2,,
201600635667,1,1,1JJF532W*2S******,2021-12-20 08:12:20,0,6,TRAILER,14508,WABASH NATIONAL CORPORATION,4847,WABASH NATIONAL CORPORATION,13327,Wabash National Corporation,2002,,,6,UNITED STATES (USA),TENNESSEE,SCOTT COUNTY,,,61,Trailer,,,,,6,Flat Bed Trailer/Platform Trailer,,,53.000,,2,,
201600644958,1,1,1UYVS253*CG******,2021-12-20 08:12:20,0,6,TRAILER,10289,UTILITY TRAILER MANUFACTURING COMPANY,10138,UTILITY TRAILER MANUFACTURER,26222,Utility Trailer Manufacturer,2012,,,6,UNITED STATES (USA),VIRGINIA,GLADE SPRING,,,61,Trailer,,,,,36,Van Trailer,4,Straight Semi/Semi Trailer,53.000,,2,,
201600645569,2,1,53BLTEA2*EU******,2021-12-20 08:12:20,0,6,TRAILER,6339,"LGS INDUSTRIES, INC.",1919,LGS INDUSTRIES,5447,LOOK,2014,,,6,UNITED STATES (USA),GEORGIA,,,,61,Trailer,,,,,5,Enclosed Trailer,1,Ball Type Pull,19.000,Length = 10-19,2,,
201600646706,1,1,3H3V532C*FT******,2021-12-20 08:12:20,0,6,TRAILER,14282,"HYUNDAI DE MEXICO, S.A. DE C.V.",4876,HYUNDAI TRANSLEAD TRAILERS,11496,Hyundai Translead Trailers,2015,,,12,MEXICO,BAJA CALIFORNIA,TIJUANA,,,61,Trailer,,,,,36,Van Trailer,,,53.000,Material: Aluminum/Steel,2,,
201600654676,1,1,1JJV532D*DL******,2021-12-20 08:12:20,0,6,TRAILER,14508,WABASH NATIONAL CORPORATION,4847,WABASH NATIONAL CORPORATION,10942,Dry Van Duraplate,2013,,,6,UNITED STATES (USA),INDIANA,LAFAYETTE,,,61,Trailer,,,,,36,Van Trailer,,,53.000,,2,,
201600656022,1,1,1S12E953*5E******,2021-12-20 08:12:20,0,6,TRAILER,14956,"STRICK TRAILERS, LLC",4977,STRICK COMMERCIAL TRAILER,12176,Strick Commercial Trailer,2005,Smooth Side,,6,UNITED STATES (USA),,MONROE,,,61,Trailer,,,,,,,4,Straight Semi/Semi Trailer,53.000,Dry Freight Van,2,3,Tandem
201600656306,1,1,1PLE0422*AP******,2021-12-20 08:12:20,0,6,TRAILER,18041,PEERLESS CORPORATION,9288,PEERLESS,23523,Peerless,2010,,,6,UNITED STATES (USA),ARKANSAS,PARAGOULD,,,61,Trailer,,,,,34,Chipper Trailer,,,42.000,,2,,
201600660904,2,1,1PMA1432*D1******,2021-12-20 08:12:21,0,6,TRAILER,6179,"POLAR TANK TRAILER, LLC",2921,POLAR TANK TRAILER,6874,Polar Tank Trailer,2013,,,6,UNITED STATES (USA),MINNESOTA,OPOLE,,,61,Trailer,,,,,15,Tank Trailer,30,Other,43.000,Vessel Code: Non-Code,2,,
201600661469,1,1,4FPAB162*6G******,2021-12-20 08:12:21,0,6,TRAILER,1489,PACE AMERICAN OF GEORGIA INC.,2500,PACE AMERICAN,6324,Pace American Trailer,2006,,,6,UNITED STATES (USA),GEORGIA,,Pace American of Georgia,,61,Trailer,11,"Class 1B: 3,001 - 4,000 lb (1,360 - 1,814 kg)",8,"Class 7: 26,001 - 33,000 lb (11,794 - 14,969 kg)",59,Van/Covered Cargo/Enclosed,,,16.000,"Length: 10 - 52 FT; GVWR = 3000 - 33,001; 8 FT WIDE TRAILER",2,,
201600663402,1,1,4V4NC9EJ*DN******,2021-12-20 08:12:21,0,3,TRUCK,1015,"VOLVO GROUP NORTH AMERICA, LLC",487,VOLVO TRUCK,1967,VNL,2013,,,6,UNITED STATES (USA),VIRGINIA,DUBLIN,Volvo Truck North America,,66,Truck-Tractor,9,"Class 8: 33,001 lb and above (14,969 kg and above)",,,0,Not Applicable,0,Not Applicable,,,,,
201600667383,1,1,1RNF53A2*HR******,2021-12-20 08:12:21,0,6,TRAILER,3579,"REITNOUER, INC.",5594,REITNOUER INC,14493,Reitnouer Inc Trailers,2017,,,6,UNITED STATES (USA),PENNSYLVANIA,READING,,,61,Trailer,9,"Class 8: 33,001 lb and above (14,969 kg and above)",,,6,Flat Bed Trailer/Platform Trailer,6,Kingpin,53.000,Airride,2,,
201600669184,1,1,1JJV532W*5L******,2021-12-20 08:12:21,0,6,TRAILER,14508,WABASH NATIONAL CORPORATION,4847,WABASH NATIONAL CORPORATION,13327,Wabash National Corporation,2005,,,6,UNITED STATES (USA),INDIANA,LAFAYETTE,,,61,Trailer,,,,,36,Van Trailer,,,53.000,,2,,
201600673576,2,1,1JJV532W*2L******,2021-12-20 08:12:21,0,6,TRAILER,14508,WABASH NATIONAL CORPORATION,4847,WABASH NATIONAL CORPORATION,13327,Wabash National Corporation,2002,,,6,UNITED STATES (USA),INDIANA,LAFAYETTE,,,61,Trailer,,,,,36,Van Trailer,,,53.000,,2,,
201600673699,1,1,1JJV532W*6L******,2021-12-20 08:12:21,0,6,TRAILER,14508,WABASH NATIONAL CORPORATION,4847,WABASH NATIONAL CORPORATION,13327,Wabash National Corporation,2006,,,6,UNITED STATES (USA),INDIANA,LAFAYETTE,,,61,Trailer,,,,,36,Van Trailer,,,53.000,,2,,
201600673721,1,1,1K9500V3*81160***,2021-12-20 08:12:21,0,6,TRAILER,1631,KIBBI LLC,10262,KIBBI,27058,Kibbi,2008,,,6,UNITED STATES (USA),INDIANA,BRISTOL,,,61,Trailer,,,,,16,Utility Trailer,1,Ball Type Pull,53.000,,3,,
201600680013,2,1,1JJV532D*FL******,2021-12-20 08:12:21,0,6,TRAILER,14508,WABASH NATIONAL CORPORATION,4847,WABASH NATIONAL CORPORATION,10942,Dry Van Duraplate,2015,,,6,UNITED STATES (USA),INDIANA,LAFAYETTE,,,61,Trailer,,,,,36,Van Trailer,,,53.000,,2,,
201600688334,3,1,3H3V532C*GT******,2021-12-20 08:12:21,0,6,TRAILER,14282,"HYUNDAI DE MEXICO, S.A. DE C.V.",4876,HYUNDAI TRANSLEAD TRAILERS,11496,Hyundai Translead Trailers,2016,,,12,MEXICO,BAJA CALIFORNIA,TIJUANA,,,61,Trailer,,,,,36,Van Trailer,,,53.000,Material: Aluminum/Steel,2,,
201600701334,1,1,1TTF4820*22******,2021-12-20 08:12:22,0,6,TRAILER,8231,TRANSCRAFT CORPORATION,10511,TRANSCRAFT,28401,Transcraft,2002,,,6,UNITED STATES (USA),KENTUCKY,MOUNT STERLING,,,61,Trailer,,,,,6,Flat Bed Trailer/Platform Trailer,6,Kingpin,48.000,Platform,2,,
201600701621,2,1,1JJV532D*HL******,2021-12-20 08:12:22,0,6,TRAILER,14508,WABASH NATIONAL CORPORATION,4847,WABASH NATIONAL CORPORATION,10942,Dry Van Duraplate,2017,,,6,UNITED STATES (USA),INDIANA,LAFAYETTE,,,61,Trailer,,,,,36,Van Trailer,,,53.000,,2,,
201600711439,1,1,1uyvs553*gg******,2021-12-20 08:12:22,1,6,TRAILER,10289,UTILITY TRAILER MANUFACTURING COMPANY,10138,UTILITY TRAILER MANUFACTURER,26222,Utility Trailer Manufacturer,2016,,,6,UNITED STATES (USA),VIRGINIA,GLADE SPRING,,,61,Trailer,,,,,36,Van Trailer,4,Straight Semi/Semi Trailer,53.000,,5,,
201600714602,1,1,1JJV532D*HL******,2021-12-20 08:12:22,0,6,TRAILER,14508,WABASH NATIONAL CORPORATION,4847,WABASH NATIONAL CORPORATION,10942,Dry Van Duraplate,2017,,,6,UNITED STATES (USA),INDIANA,LAFAYETTE,,,61,Trailer,,,,,36,Van Trailer,,,53.000,,2,,
201600721360,2,1,1UYFS248*7A******,2021-12-20 08:12:22,0,6,TRAILER,10289,UTILITY TRAILER MANUFACTURING COMPANY,10138,UTILITY TRAILER MANUFACTURER,26222,Utility Trailer Manufacturer,2007,,,6,UNITED STATES (USA),ALABAMA,ENTERPRISE,,,61,Trailer,,,,,6,Flat Bed Trailer/Platform Trailer,4,Straight Semi/Semi Trailer,48.000,,2,,
201600724262,2,1,1E1D2L48*5R******,2021-12-20 08:12:22,0,6,TRAILER,5338,EAST MANUFACTURING CORP.,1334,EAST MANUFACTURING CORP.,4686,East Manufacturing Corp,2005,,,6,UNITED STATES (USA),OHIO,RANDOLPH,,,61,Trailer,9,"Class 8: 33,001 lb and above (14,969 kg and above)",,,4,Dump Trailer/Dumping Trailer,30,Other,26.000,Aluminum Frame,4,,
201600727720,2,1,3H3V532C*DT******,2021-12-20 08:12:22,0,6,TRAILER,14282,"HYUNDAI DE MEXICO, S.A. DE C.V.",4876,HYUNDAI TRANSLEAD TRAILERS,11496,Hyundai Translead Trailers,2013,,,12,MEXICO,BAJA CALIFORNIA,TIJUANA,,,61,Trailer,,,,,36,Van Trailer,,,53.000,Material: Aluminum/Steel,2,,
201600746804,2,1,1JJV532U*VL******,2021-12-20 08:12:23,0,6,TRAILER,14508,WABASH NATIONAL CORPORATION,4847,WABASH NATIONAL CORPORATION,22472,Smooth Side Can,1997,,,6,UNITED STATES (USA),INDIANA,LAFAYETTE,,,61,Trailer,,,,,36,Van Trailer,,,53.000,,2,,
201600747080,1,1,1TKJ0533*GM******,2021-12-20 08:12:23,0,6,TRAILER,13498,TRAIL KING INDUSTRIES,3251,TRAIL KING INDUSTRIES,7386,TRAIL KING INDUSTRIES,2016,,,6,UNITED STATES (USA),SOUTH DAKOTA,MITCHELL,,Configuration: Position not used at this time.,61,Trailer,,,,,,,,,53.000,"Trailer Length: Inverted Hoist= Add 2FT( but leave the unit part # as is)   Extend Apron = Add 1 Ft( if apron 14"" extended floor plate)",3,,
201600748354,2,1,5MC12531*G5******,2021-12-20 08:12:23,0,6,TRAILER,5772,"MANAC TRAILERS USA, INC.",3896,MANAC TRAILERS USA,8528,Manac,2016,,,6,UNITED STATES (USA),MISSOURI,KENNETT,"Manac Trailers USA, Inc.",,61,Trailer,,,,,6,Flat Bed Trailer/Platform Trailer,4,Straight Semi/Semi Trailer,53.000,Platform,2,,
201600766725,2,1,3H3V532C*HT******,2021-12-20 08:12:23,0,6,TRAILER,14282,"HYUNDAI DE MEXICO, S.A. DE C.V.",4876,HYUNDAI TRANSLEAD TRAILERS,11496,Hyundai Translead Trailers,2017,,,12,MEXICO,BAJA CALIFORNIA,TIJUANA,,,61,Trailer,,,,,36,Van Trailer,,,53.000,Material: Aluminum/Steel,2,,
201600769207,2,1,1GRAA062*GE******,2021-12-20 08:12:23,0,6,TRAILER,1073,GREAT DANE TRAILERS,520,GREAT DANE TRAILERS,13436,Great Dane Trailers,2016,,,6,UNITED STATES (USA),GEORGIA,STATESBORO,,,61,Trailer,,,,,,,4,Straight Semi/Semi Trailer,53.000,Dry Freight Van / Reefer Van / Insulated Van,2,,
201600771175,1,1,JH4DC435*VS******,2021-12-20 08:12:23,0,2,PASSENGER CAR,987,"HONDA MOTOR CO., LTD",475,ACURA,5063,Integra,1997,LS,,3,JAPAN,MIE,SUZUKA,,,5,Hatchback/Liftback/Notchback,,,,,0,Not Applicable,0,Not Applicable,,,,,
201600778318,1,1,1TKN0432*DW******,2021-12-20 08:12:23,0,6,TRAILER,13498,TRAIL KING INDUSTRIES,3251,TRAIL KING INDUSTRIES,7386,TRAIL KING INDUSTRIES,2013,,,6,UNITED STATES (USA),NORTH DAKOTA,WEST FARGO,,Configuration: Position not used at this time.,61,Trailer,,,,,13,Livestock Trailer,,,43.000,"Trailer Length: Inverted Hoist= Add 2FT( but leave the unit part # as is)   Extend Apron = Add 1 Ft( if apron 14"" extended floor plate)",2,,
201600778329,1,1,13N14830*51******,2021-12-20 08:12:24,0,6,TRAILER,12268,FONTAINE COMMERCIAL PLATFORM,1128,FONTAINE TRAILER CO.,4416,Fontaine Trailer Co.,2005,,,6,UNITED STATES (USA),ALABAMA,HALEYVILLE,,,61,Trailer,,,,,6,Flat Bed Trailer/Platform Trailer,,,48.000,"Tandem Axles, Spread",2,,
201600778547,2,1,5LKL4935*21******,2021-12-20 08:12:24,0,6,TRAILER,3083,LOAD KING LLC,8486,LOAD KING,22419,Load King,2002,,,6,UNITED STATES (USA),SOUTH DAKOTA,ELK POINT,,,61,Trailer,,,,,11,Lowboy/Low bed Trailer,,,49.000,Frame Capacity of Trailer: 46-55 US tons,3,,
201600790781,1,1,1T9FC22B*11066***,2021-12-20 08:12:24,0,6,TRAILER,15378,TRAILSTAR  MANUFACTURING CORPORATION,5946,TRAILSTAR,15642,TrailStar Manufacturing Corp,2001,,,6,UNITED STATES (USA),OHIO,ALLIANCE,,,61,Trailer,,,,,,,,,22.000,Steel and Aluminum Construction,2,,
201600795203,1,1,1UYVS253*GM******,2021-12-20 08:12:24,0,6,TRAILER,10289,UTILITY TRAILER MANUFACTURING COMPANY,10138,UTILITY TRAILER MANUFACTURER,26222,Utility Trailer Manufacturer,2016,,,6,UNITED STATES (USA),VIRGINIA,MARION,,,61,Trailer,,,,,36,Van Trailer,4,Straight Semi/Semi Trailer,53.000,,2,,
201600798159,2,1,1D9SD342*DR661***,2021-12-20 08:12:24,0,6,TRAILER,7719,"DRAGON ESP, LTD",956,DRAGON PRODUCTS,4976,Dragon Products,2013,,,6,UNITED STATES (USA),COLORADO,LAMAR,,,61,Trailer,,,,,4,Dump Trailer/Dumping Trailer,4,Straight Semi/Semi Trailer,34.000,,2,,
201600802325,1,1,5NHUBL22*CN******,2021-12-20 08:12:24,0,6,TRAILER,1084,"FOREST RIVER, INC.",531,FOREST RIVER,3008,Blazer,2012,,,6,UNITED STATES (USA),INDIANA,ELKHART,,29618 C.R. 12,61,Trailer,,,,,16,Utility Trailer,,,12.000,,2,,
201600802377,1,1,3H3V532C*1T******,2021-12-20 08:12:24,0,6,TRAILER,14282,"HYUNDAI DE MEXICO, S.A. DE C.V.",4876,HYUNDAI TRANSLEAD TRAILERS,11496,Hyundai Translead Trailers,2001,,,12,MEXICO,BAJA CALIFORNIA,TIJUANA,,,61,Trailer,,,,,36,Van Trailer,,,53.000,Material: Aluminum/Steel,2,,
201600815297,3,1,1KKVF532*4L******,2021-12-20 08:12:24,0,6,TRAILER,2340,KENTUCKY MANUFACTURING CO.,2048,KENTUCKY MANUFACTURING CO./ KENTUCKY TRAILER/ KENTUCKY TRAILER TECH,5803,Kentucky Manufacturing Co./ Kentucky Trailer/ Kentucky Trailer Tech,2004,,,6,UNITED STATES (USA),KENTUCKY,LOUISVILLE,Kentucky Manufacturing Co.,,61,Trailer,,,,,36,Van Trailer,,,53.000,Body Type - Furniture,2,,
201600817137,1,1,1UYVS253*YP******,2021-12-20 08:12:24,1,6,TRAILER,10289,UTILITY TRAILER MANUFACTURING COMPANY,10138,UTILITY TRAILER MANUFACTURER,26222,Utility Trailer Manufacturer,2000,,,6,UNITED STATES (USA),ARKANSAS,PARAGOULD,,,61,Trailer,,,,,36,Van Trailer,4,Straight Semi/Semi Trailer,53.000,,2,,
201600819245,2,1,1WC200G2*R1******,2021-12-20 08:12:24,0,6,TRAILER,16014,"UNIVERSAL TRAILER CARGO GROUP, INC.",6062,WELLS CARGO,15857,Wells Cargo Trailer,1994,,,6,UNITED STATES (USA),INDIANA,,,,61,Trailer,,,,,5,Enclosed Trailer,,,,16 to less than 18 ft,2,,
201600884069,1,1,1UYVS253*WU******,2021-12-20 08:12:24,0,6,TRAILER,10289,UTILITY TRAILER MANUFACTURING COMPANY,10138,UTILITY TRAILER MANUFACTURER,26222,Utility Trailer Manufacturer,1998,,,6,UNITED STATES (USA),UTAH,CLEARFIELD,,,61,Trailer,,,,,36,Van Trailer,4,Straight Semi/Semi Trailer,53.000,,2,,
201600886801,2,1,1NT12042*L1******,2021-12-20 08:12:24,0,6,TRAILER,2918,"NABORS TRAILERS, INC.",9614,"NABORS TRAILERS, INC.",24068,"Nabors Trailers, Inc.",2020,"straight floor, open top, steel wall",,6,UNITED STATES (USA),LOUISIANA,MANSFIELD,,,61,Trailer,,,,,36,Van Trailer,,,42.000,,0,,
201600887236,2,1,5JW1U142*G1******,2021-12-20 08:12:24,0,6,TRAILER,9916,NOVAE CORPORATION,2410,SURE-TRAC,6193,Sure-Trac Trailers,2016,,,6,UNITED STATES (USA),INDIANA,MARKLE,Novae Corporation,,61,Trailer,,,,,16,Utility Trailer,1,Ball Type Pull,14.000,,2,,
201600893321,1,1,3H3V532C*DT******,2021-12-20 08:12:24,0,6,TRAILER,14282,"HYUNDAI DE MEXICO, S.A. DE C.V.",4876,HYUNDAI TRANSLEAD TRAILERS,11496,Hyundai Translead Trailers,2013,,,12,MEXICO,BAJA CALIFORNIA,TIJUANA,,,61,Trailer,,,,,36,Van Trailer,,,53.000,Material: Aluminum/Steel,2,,
201600940696,2,1,1W1CAANK*TH******,2021-12-20 08:12:25,0,6,TRAILER,11681,WILSON TRAILER CO.,3855,WILSON TRAILER CO.,8390,Wilson Trailer Co.,1996,LH ROLLUP - INSIDE FULL SWING,,6,UNITED STATES (USA),SOUTH DAKOTA,YANKTON,PLANT 5,,61,Trailer,6,"Class 5: 16,001 - 19,500 lb (7,258 - 8,845 kg)",7,"Class 6: 19,501 - 26,000 lb (8,845 - 11,794 kg)",,,3,Gooseneck,28.000,"GSNECK LVSTK (PSGN) GVWR 16,5000 TO 20,000#",2,,
201600984239,2,1,1JJV532W*9L******,2021-12-20 08:12:25,0,6,TRAILER,14508,WABASH NATIONAL CORPORATION,4847,WABASH NATIONAL CORPORATION,13327,Wabash National Corporation,2009,,,6,UNITED STATES (USA),INDIANA,LAFAYETTE,,,61,Trailer,,,,,36,Van Trailer,,,53.000,,2,,
201600986047,1,1,1S12E953*9E******,2021-12-20 08:12:25,0,6,TRAILER,14956,"STRICK TRAILERS, LLC",4977,STRICK COMMERCIAL TRAILER,12176,Strick Commercial Trailer,2009,Smooth Side,,6,UNITED STATES (USA),,MONROE,,,61,Trailer,,,,,,,4,Straight Semi/Semi Trailer,53.000,Dry Freight Van,2,3,Tandem
