CASENUM,VEH_NO,TRAILER_NO,VehicleDescriptor,VINDecodedOn,VINDecodeError,VehicleTypeId,VehicleType,ManufacturerFullNameId,ManufacturerFullName,MakeId,Make,ModelId,Model,ModelYear,Series,Trim,PlantCountryId,PlantCountry,PlantState,PlantCity,PlantCompanyName,Note,BodyClassId,BodyClass,GrossVehicleWeightRatingFromId,GrossVehicleWeightRatingFrom,GrossVehicleWeightRatingToId,GrossVehicleWeightRatingTo,TrailerBodyTypeId,TrailerBodyType,TrailerTypeConnectionId,TrailerTypeConnection,TrailerLengthFT,OtherTrailerInfo,AxlesCount,AxleConfigurationId,AxleConfiguration
201800428655,3,1,5JW3U322*G3******,2021-12-20 09:04:18,0,6,TRAILER,9916,NOVAE CORPORATION,2410,SURE-TRAC,6193,Sure-Trac Trailers,2016,,,6,UNITED STATES (USA),INDIANA,COLUMBIA CITY,Novae Corporation,,61,Trailer,,,,,16,Utility Trailer,3,Gooseneck,32.000,,2,,
201800440583,2,1,1GR1A062*JW******,2021-12-20 09:04:18,0,6,TRAILER,1073,GREAT DANE TRAILERS,520,GREAT DANE TRAILERS,13436,Great Dane Trailers,2018,,,6,UNITED STATES (USA),NEBRASKA,WAYNE,,,61,Trailer,,,,,,,6,Kingpin,53.000,"Semitrailer - dry freight, reefer, or insulated van",2,,
201800448254,2,1,1UYVS253*HU******,2021-12-20 09:04:18,0,6,TRAILER,10289,UTILITY TRAILER MANUFACTURING COMPANY,10138,UTILITY TRAILER MANUFACTURER,26222,Utility Trailer Manufacturer,2017,,,6,UNITED STATES (USA),UTAH,CLEARFIELD,,,61,Trailer,,,,,36,Van Trailer,4,Straight Semi/Semi Trailer,53.000,,2,,
201800462754,3,1,1UYVS253*FU******,2021-12-20 09:04:19,0,6,TRAILER,10289,UTILITY TRAILER MANUFACTURING COMPANY,10138,UTILITY TRAILER MANUFACTURER,26222,Utility Trailer Manufacturer,2015,,,6,UNITED STATES (USA),UTAH,CLEARFIELD,,,61,Trailer,,,,,36,Van Trailer,4,Straight Semi/Semi Trailer,53.000,,2,,
201800464797,2,1,1S12GC40*DC******,2021-12-20 09:04:19,0,6,TRAILER,14956,"STRICK TRAILERS, LLC",4977,STRICK COMMERCIAL TRAILER,12176,Strick Commercial Trailer,2013,,,6,UNITED STATES (USA),,DUNMORE,,,61,Trailer,,,,,46,Chassis,3,Gooseneck,40.000,,2,3,Tandem
201800466805,2,1,1GRAA561*FB******,2021-12-20 09:04:19,0,6,TRAILER,1073,GREAT DANE TRAILERS,520,GREAT DANE TRAILERS,13436,Great Dane Trailers,2015,,,6,UNITED STATES (USA),INDIANA,BRAZIL,,,61,Trailer,,,,,,,4,Straight Semi/Semi Trailer,28.000,Dry Freight Van / Reefer Van / Insulated Van,1,,
201800467350,1,1,5HTAB442*47******,2021-12-20 09:04:19,0,6,TRAILER,5564,"HEIL TRAILER INTERNATIONAL, CO",2365,"HEIL TRAILER INTERNATIONAL, CO.",6142,"Heil Trailer International, Co.",2004,,,6,UNITED STATES (USA),TENNESSEE,ATHENS,,Body Shape: Straight Elliptical,61,Trailer,,,,,15,Tank Trailer,,,44.000,AL 306/406,2,,
201800467952,1,1,1JJV532D*CL******,2021-12-20 09:04:19,0,6,TRAILER,14508,WABASH NATIONAL CORPORATION,4847,WABASH NATIONAL CORPORATION,10942,Dry Van Duraplate,2012,,,6,UNITED STATES (USA),INDIANA,LAFAYETTE,,,61,Trailer,,,,,36,Van Trailer,,,53.000,,2,,
201800471836,2,1,1JJV532W*6L******,2021-12-20 09:04:19,0,6,TRAILER,14508,WABASH NATIONAL CORPORATION,4847,WABASH NATIONAL CORPORATION,13327,Wabash National Corporation,2006,,,6,UNITED STATES (USA),INDIANA,LAFAYETTE,,,61,Trailer,,,,,36,Van Trailer,,,53.000,,2,,
201800476365,2,1,1W9S4221*TN001***,2021-12-20 09:04:19,0,6,TRAILER,10142,WALKER STAINLESS EQUIPMENT CO,6968,WALKER STAINLESS EQUIPMENT CO,18539,WALKER STAINLESS EQUIPMENT CO,1996,,,6,UNITED STATES (USA),WISCONSIN,NEW LISBON,,,61,Trailer,,,,,,,4,Straight Semi/Semi Trailer,42.000,Sanitary 3A standards,2,,
201800477168,2,1,1JJV532W*3L******,2021-12-20 09:04:19,0,6,TRAILER,14508,WABASH NATIONAL CORPORATION,4847,WABASH NATIONAL CORPORATION,13327,Wabash National Corporation,2003,,,6,UNITED STATES (USA),INDIANA,LAFAYETTE,,,61,Trailer,,,,,36,Van Trailer,,,53.000,,2,,
201800478233,2,1,1UYVS253*DU******,2021-12-20 09:04:19,0,6,TRAILER,10289,UTILITY TRAILER MANUFACTURING COMPANY,10138,UTILITY TRAILER MANUFACTURER,26222,Utility Trailer Manufacturer,2013,,,6,UNITED STATES (USA),UTAH,CLEARFIELD,,,61,Trailer,,,,,36,Van Trailer,4,Straight Semi/Semi Trailer,53.000,,2,,
201800478557,2,1,3H3V532C*GT******,2021-12-20 09:04:19,0,6,TRAILER,14282,"HYUNDAI DE MEXICO, S.A. DE C.V.",4876,HYUNDAI TRANSLEAD TRAILERS,11496,Hyundai Translead Trailers,2016,,,12,MEXICO,BAJA CALIFORNIA,TIJUANA,,,61,Trailer,,,,,36,Van Trailer,,,53.000,Material: Aluminum/Steel,2,,
201800480334,1,1,3H3V402C*ET******,2021-12-20 09:04:19,0,6,TRAILER,14282,"HYUNDAI DE MEXICO, S.A. DE C.V.",4876,HYUNDAI TRANSLEAD TRAILERS,11496,Hyundai Translead Trailers,2014,,,12,MEXICO,BAJA CALIFORNIA,TIJUANA,,,61,Trailer,,,,,36,Van Trailer,,,40.000,Material: Aluminum/Steel,2,,
201800506384,2,1,1RND51A2*5R******,2021-12-20 09:04:19,0,6,TRAILER,3579,"REITNOUER, INC.",5594,REITNOUER INC,14493,Reitnouer Inc Trailers,2005,,,6,UNITED STATES (USA),PENNSYLVANIA,READING,,,61,Trailer,9,"Class 8: 33,001 lb and above (14,969 kg and above)",,,61,Drop Deck Trailer,6,Kingpin,51.000,Airride,2,,
201800508003,1,1,1UYFS248*DA******,2021-12-20 09:04:20,0,6,TRAILER,10289,UTILITY TRAILER MANUFACTURING COMPANY,10138,UTILITY TRAILER MANUFACTURER,26222,Utility Trailer Manufacturer,2013,,,6,UNITED STATES (USA),ALABAMA,ENTERPRISE,,,61,Trailer,,,,,6,Flat Bed Trailer/Platform Trailer,4,Straight Semi/Semi Trailer,48.000,,2,,
201800509012,1,1,1GRAA962*CK******,2021-12-20 09:04:20,0,6,TRAILER,1073,GREAT DANE TRAILERS,520,GREAT DANE TRAILERS,13436,Great Dane Trailers,2012,,,6,UNITED STATES (USA),ILLINOIS,KEWANEE,,,61,Trailer,,,,,,,4,Straight Semi/Semi Trailer,48.000,Dry Freight Van / Reefer Van / Insulated Van,2,,
201800509195,1,1,3H3V532C*FT******,2021-12-20 09:04:20,0,6,TRAILER,14282,"HYUNDAI DE MEXICO, S.A. DE C.V.",4876,HYUNDAI TRANSLEAD TRAILERS,11496,Hyundai Translead Trailers,2015,,,12,MEXICO,BAJA CALIFORNIA,TIJUANA,,,61,Trailer,,,,,36,Van Trailer,,,53.000,Material: Aluminum/Steel,2,,
201800509900,2,1,1S12E953*DE******,2021-12-20 09:04:20,0,6,TRAILER,14956,"STRICK TRAILERS, LLC",4977,STRICK COMMERCIAL TRAILER,12176,Strick Commercial Trailer,2013,Smooth Side,,6,UNITED STATES (USA),,MONROE,,,61,Trailer,,,,,,,4,Straight Semi/Semi Trailer,53.000,Dry Freight Van,2,3,Tandem
201800510872,1,1,1GRDM962*1M******,2021-12-20 09:04:20,0,6,TRAILER,1073,GREAT DANE TRAILERS,520,GREAT DANE TRAILERS,13436,Great Dane Trailers,2001,,,6,UNITED STATES (USA),TENNESSEE,MEMPHIS,,,61,Trailer,,,,,6,Flat Bed Trailer/Platform Trailer,4,Straight Semi/Semi Trailer,48.000,Body Type = Straight Deck/ Extendable,2,,
201800513118,2,1,1JJV532W*8L******,2021-12-20 09:04:20,0,6,TRAILER,14508,WABASH NATIONAL CORPORATION,4847,WABASH NATIONAL CORPORATION,13327,Wabash National Corporation,2008,,,6,UNITED STATES (USA),INDIANA,LAFAYETTE,,,61,Trailer,,,,,36,Van Trailer,,,53.000,,2,,
201800516313,2,1,1JJV532D*GL******,2021-12-20 09:04:20,0,6,TRAILER,14508,WABASH NATIONAL CORPORATION,4847,WABASH NATIONAL CORPORATION,10942,Dry Van Duraplate,2016,,,6,UNITED STATES (USA),INDIANA,LAFAYETTE,,,61,Trailer,,,,,36,Van Trailer,,,53.000,,2,,
201800524732,2,1,1UYVS248*9G******,2021-12-20 09:04:20,0,6,TRAILER,10289,UTILITY TRAILER MANUFACTURING COMPANY,10138,UTILITY TRAILER MANUFACTURER,26222,Utility Trailer Manufacturer,2009,,,6,UNITED STATES (USA),VIRGINIA,GLADE SPRING,,,61,Trailer,,,,,36,Van Trailer,4,Straight Semi/Semi Trailer,48.000,,2,,
201800524819,2,1,1JJV532D*CL******,2021-12-20 09:04:20,0,6,TRAILER,14508,WABASH NATIONAL CORPORATION,4847,WABASH NATIONAL CORPORATION,10942,Dry Van Duraplate,2012,,,6,UNITED STATES (USA),INDIANA,LAFAYETTE,,,61,Trailer,,,,,36,Van Trailer,,,53.000,,2,,
201800535335,1,1,1S12E853*SD******,2021-12-20 09:04:20,0,6,TRAILER,14956,"STRICK TRAILERS, LLC",4977,STRICK COMMERCIAL TRAILER,12175,Model 80,1995,Smooth Side,,6,UNITED STATES (USA),,DANVILLE,,,61,Trailer,,,,,,,4,Straight Semi/Semi Trailer,53.000,Dry Freight Van,2,3,Tandem
201800535691,1,1,5V8VA482*FM******,2021-12-20 09:04:20,0,6,TRAILER,16522,VANGUARD NATIONAL TRAILER CORPORATION (VNTC),6474,VANGUARD NATIONAL TRAILER CORPORATION (VNTC),17782,VANGUARD NATIONAL TRAILER CORPORATION (VNTC),2015,,,6,UNITED STATES (USA),INDIANA,MONON,,,61,Trailer,,,,,,,,,48.000,Interior Post Aluminum Semi Trailer,2,3,Tandem
201800535923,1,1,4U3B0533*7L******,2021-12-20 09:04:20,0,6,TRAILER,9213,"BULL MOOSE HEAVY HAUL, INC",6869,X-L SPECIALIZED TRAILERS INC,18367,X-L SPECIALIZED TRAILERS INC,2007,,,6,UNITED STATES (USA),IOWA,MANCHESTER,,,61,Trailer,,,,,,,,,53.000,"Ag/Commercial/Construction Fixed/Rigid Neck (SDS, SDX, PGD, FD, DDE, FDE, RG, SD, SDE, DD, LSD, BM)",3,,
201800536219,1,1,1TTF5320*81******,2021-12-20 09:04:20,0,6,TRAILER,8231,TRANSCRAFT CORPORATION,10511,TRANSCRAFT,28401,Transcraft,2008,,,6,UNITED STATES (USA),ILLINOIS,ANNA,,,61,Trailer,,,,,6,Flat Bed Trailer/Platform Trailer,6,Kingpin,53.000,Platform,2,,
201800539611,1,1,1VRU111A*31******,2021-12-20 09:04:21,0,6,TRAILER,10796,VERMEER MANUFACTURING COMPANY,3374,VERMEER,15417,BC1000,2003,,,6,UNITED STATES (USA),IOWA,PELLA,,,61,Trailer,,,,,,,,,11.000,Brush Chipper,1,,
201800543025,1,1,40FSK523*J1******,2021-12-20 09:04:21,0,6,TRAILER,15360,TALBERT MANUFACTURING INC.,5932,TALBERT,18136,TALBERT,2018,,,6,UNITED STATES (USA),INDIANA,RENSSELAER,,,61,Trailer,,,,,,,6,Kingpin,52.000,"Semi-Trailer, Drop Deck",3,,
201800543083,2,1,1UYFS248*GA******,2021-12-20 09:04:21,0,6,TRAILER,10289,UTILITY TRAILER MANUFACTURING COMPANY,10138,UTILITY TRAILER MANUFACTURER,26222,Utility Trailer Manufacturer,2016,,,6,UNITED STATES (USA),ALABAMA,ENTERPRISE,,,61,Trailer,,,,,6,Flat Bed Trailer/Platform Trailer,4,Straight Semi/Semi Trailer,48.000,,2,,
201800543114,1,1,1JJV532W*2L******,2021-12-20 09:04:21,0,6,TRAILER,14508,WABASH NATIONAL CORPORATION,4847,WABASH NATIONAL CORPORATION,13327,Wabash National Corporation,2002,,,6,UNITED STATES (USA),INDIANA,LAFAYETTE,,,61,Trailer,,,,,36,Van Trailer,,,53.000,,2,,
201800543196,1,1,1UYVS253*FP******,2021-12-20 09:04:21,0,6,TRAILER,10289,UTILITY TRAILER MANUFACTURING COMPANY,10138,UTILITY TRAILER MANUFACTURER,26222,Utility Trailer Manufacturer,2015,,,6,UNITED STATES (USA),ARKANSAS,PARAGOULD,,,61,Trailer,,,,,36,Van Trailer,4,Straight Semi/Semi Trailer,53.000,,2,,
201800543243,1,1,1GRAP062*GD******,2021-12-20 09:04:21,0,6,TRAILER,1073,GREAT DANE TRAILERS,520,GREAT DANE TRAILERS,13436,Great Dane Trailers,2016,,,6,UNITED STATES (USA),PENNSYLVANIA,DANVILLE,,,61,Trailer,,,,,,,4,Straight Semi/Semi Trailer,53.000,Dry Freight Van / Reefer Van / Insulated Van,2,,
201800543388,2,1,1JJV281W*1L******,2021-12-20 09:04:21,0,6,TRAILER,14508,WABASH NATIONAL CORPORATION,4847,WABASH NATIONAL CORPORATION,13327,Wabash National Corporation,2001,,,6,UNITED STATES (USA),INDIANA,LAFAYETTE,,,61,Trailer,,,,,36,Van Trailer,,,28.000,,1,,
201800543388,2,2,3H3V281C*JT******,2021-12-20 09:04:21,1,6,TRAILER,14282,"HYUNDAI DE MEXICO, S.A. DE C.V.",4876,HYUNDAI TRANSLEAD TRAILERS,11496,Hyundai Translead Trailers,2018,,,12,MEXICO,BAJA CALIFORNIA,TIJUANA,,,61,Trailer,,,,,36,Van Trailer,,,28.000,Material: Aluminum/Steel,1,,
201800543408,1,1,7F21C532*H2******,2021-12-20 09:04:21,0,6,TRAILER,13986,XPO LOGISTICS MANUFACTURING LLC,4823,XPO,10709,XPO,2017,,,6,UNITED STATES (USA),ARKANSAS,SEARCY,,,61,Trailer,,,,,,,6,Kingpin,53.000,Body Type: New Rectangular Dry Freight Van,2,,
201800543437,1,1,5V8VC532*HM******,2021-12-20 09:04:21,0,6,TRAILER,16522,VANGUARD NATIONAL TRAILER CORPORATION (VNTC),6474,VANGUARD NATIONAL TRAILER CORPORATION (VNTC),17782,VANGUARD NATIONAL TRAILER CORPORATION (VNTC),2017,,,6,UNITED STATES (USA),INDIANA,MONON,,,61,Trailer,,,,,,,,,53.000,Dry Freight Van,2,3,Tandem
201800543437,2,1,1UYVS253*HU******,2021-12-20 09:04:21,0,6,TRAILER,10289,UTILITY TRAILER MANUFACTURING COMPANY,10138,UTILITY TRAILER MANUFACTURER,26222,Utility Trailer Manufacturer,2017,,,6,UNITED STATES (USA),UTAH,CLEARFIELD,,,61,Trailer,,,,,36,Van Trailer,4,Straight Semi/Semi Trailer,53.000,,2,,
201800543536,1,1,1UYVS253*H7******,2021-12-20 09:04:21,1,6,TRAILER,10289,UTILITY TRAILER MANUFACTURING COMPANY,10138,UTILITY TRAILER MANUFACTURER,26222,Utility Trailer Manufacturer,2017,,,6,UNITED STATES (USA),VIRGINIA,GLADE SPRING,,,61,Trailer,,,,,36,Van Trailer,4,Straight Semi/Semi Trailer,53.000,,2,,
201800543614,1,1,1UYVS253*J3******,2021-12-20 09:04:21,0,6,TRAILER,10289,UTILITY TRAILER MANUFACTURING COMPANY,10138,UTILITY TRAILER MANUFACTURER,26222,Utility Trailer Manufacturer,2018,,,6,UNITED STATES (USA),ARKANSAS,PARAGOULD,,,61,Trailer,,,,,36,Van Trailer,4,Straight Semi/Semi Trailer,53.000,,2,,
201800543625,1,1,1JJV532D*HL******,2021-12-20 09:04:21,0,6,TRAILER,14508,WABASH NATIONAL CORPORATION,4847,WABASH NATIONAL CORPORATION,10942,Dry Van Duraplate,2017,,,6,UNITED STATES (USA),INDIANA,LAFAYETTE,,,61,Trailer,,,,,36,Van Trailer,,,53.000,,2,,
201800543718,1,1,1LH135TH*F1******,2021-12-20 09:04:22,0,6,TRAILER,3729,"LANDOLL COMPANY, LLC",2123,LANDOLL CORPORATION,5894,Landoll Corporation,2015,Model 135B,,6,UNITED STATES (USA),KANSAS,MARYSVILLE,Landoll Corporation,Axle Type: dual wheels,61,Trailer,9,"Class 8: 33,001 lb and above (14,969 kg and above)",,,88,Flatbed - Single Drop,5,Fifth Wheel,,"Trailer Length (feet): 46, 47",2,3,Tandem
201800554210,1,1,LJRC4626*62******,2021-12-20 09:04:22,0,6,TRAILER,9950,"CIMC VEHICLES GROUP CO., LTD.",4101,CIMC VEHICLES GROUP CO,8811,CIMC VEHICLES GROUP CO,2006,,,8,CHINA,,YANGZHOU,,"GVWR = 30,000-34,990kg",61,Trailer,9,"Class 8: 33,001 lb and above (14,969 kg and above)",,,109,Container Chassis/Container Trailer,,,46.000,,2,,
201800558763,2,1,1GRAA142*XS******,2021-12-20 09:04:22,0,6,TRAILER,1073,GREAT DANE TRAILERS,520,GREAT DANE TRAILERS,13436,Great Dane Trailers,1999,,,6,UNITED STATES (USA),GEORGIA,SAVANNAH,,,61,Trailer,,,,,36,Van Trailer,4,Straight Semi/Semi Trailer,57.000,Trailer Type = Dry Freight/ Reefer/ Insulated Van,2,,
201800559164,1,1,5NHUCCT2*HU******,2021-12-20 09:04:22,0,6,TRAILER,1084,"FOREST RIVER, INC.",531,FOREST RIVER,2391,Continental Cargo,2017,,,6,UNITED STATES (USA),GEORGIA,OCILLA,,Address: 193 Industrial Drive,61,Trailer,,,,,16,Utility Trailer,1,Ball Type Pull,18.000,,2,,
201800567127,2,1,1UYVS248*H6******,2021-12-20 09:04:22,0,6,TRAILER,10289,UTILITY TRAILER MANUFACTURING COMPANY,10138,UTILITY TRAILER MANUFACTURER,26222,Utility Trailer Manufacturer,2017,,,6,UNITED STATES (USA),VIRGINIA,MARION,,,61,Trailer,,,,,36,Van Trailer,4,Straight Semi/Semi Trailer,48.000,,2,,
201800568006,1,1,1UYVS253*FM******,2021-12-20 09:04:22,0,6,TRAILER,10289,UTILITY TRAILER MANUFACTURING COMPANY,10138,UTILITY TRAILER MANUFACTURER,26222,Utility Trailer Manufacturer,2015,,,6,UNITED STATES (USA),VIRGINIA,MARION,,,61,Trailer,,,,,36,Van Trailer,4,Straight Semi/Semi Trailer,53.000,,2,,
201800578120,2,1,1DW1C482*SS******,2021-12-20 09:04:22,0,6,TRAILER,13506,"STOUGHTON TRAILERS, INC.",3414,STOUGHTON TRAILERS,7701,Stoughton trailers,1995,,,6,UNITED STATES (USA),WISCONSIN,STOUGHTON,"Stoughton Trailers, INC",,61,Trailer,,,,,46,Chassis,4,Straight Semi/Semi Trailer,48.000,,2,,
201800578799,2,1,1UYVS248*FM******,2021-12-20 09:04:22,0,6,TRAILER,10289,UTILITY TRAILER MANUFACTURING COMPANY,10138,UTILITY TRAILER MANUFACTURER,26222,Utility Trailer Manufacturer,2015,,,6,UNITED STATES (USA),VIRGINIA,MARION,,,61,Trailer,,,,,36,Van Trailer,4,Straight Semi/Semi Trailer,48.000,,2,,
201800586419,1,1,2GCFC135*91******,2021-12-20 09:04:22,0,3,TRUCK,984,GENERAL MOTORS LLC,467,CHEVROLET,1850,Silverado,2009,1/2 Ton,LS,1,CANADA,ONTARIO,OSHAWA,,,60,Pickup,15,"Class 2F: 7,001 - 8,000 lb (3,175 - 3,629 kg)",,,0,Not Applicable,0,Not Applicable,,,,,
201800588358,2,1,5V8VA532*GM******,2021-12-20 09:04:22,0,6,TRAILER,16522,VANGUARD NATIONAL TRAILER CORPORATION (VNTC),6474,VANGUARD NATIONAL TRAILER CORPORATION (VNTC),17782,VANGUARD NATIONAL TRAILER CORPORATION (VNTC),2016,,,6,UNITED STATES (USA),INDIANA,MONON,,,61,Trailer,,,,,,,,,53.000,Interior Post Aluminum Semi Trailer,2,3,Tandem
201800588365,1,1,1UYVS253*6U******,2021-12-20 09:04:23,0,6,TRAILER,10289,UTILITY TRAILER MANUFACTURING COMPANY,10138,UTILITY TRAILER MANUFACTURER,26222,Utility Trailer Manufacturer,2006,,,6,UNITED STATES (USA),UTAH,CLEARFIELD,,,61,Trailer,,,,,36,Van Trailer,4,Straight Semi/Semi Trailer,53.000,,2,,
201800589243,2,1,4EDUS162*5T******,2021-12-20 09:04:23,1,6,TRAILER,5085,BREWER IMPLEMENT CO.INC. AKA DAVID BREWER IMP.INC.,6743,DAVID BREWER IMPLEMENT INC.,18161,DAVID BREWER IMPLEMENT INC.,2005,STANDARD,,6,UNITED STATES (USA),GEORGIA,TIFTON,,,61,Trailer,,,,,16,Utility Trailer,,,16.000,,2,,
201800589909,1,1,1JJV532B*CL******,2021-12-20 09:04:23,0,6,TRAILER,14508,WABASH NATIONAL CORPORATION,4847,WABASH NATIONAL CORPORATION,10945,Refrigerated Van,2012,,,6,UNITED STATES (USA),INDIANA,LAFAYETTE,,,61,Trailer,,,,,36,Van Trailer,,,53.000,,2,,
201800614766,1,1,4D6EB132*EC******,2021-12-20 09:04:23,0,6,TRAILER,4540,"CARGO CRAFT ,INC.",6806,"CARGO CRAFT ,INC.",18250,"CARGO CRAFT ,INC.",2014,,,6,UNITED STATES (USA),GEORGIA,CORSICANA,,,61,Trailer,,,,,5,Enclosed Trailer,14,Bumper Pull,13.000,,2,,
201800614766,2,1,1JJV532W*6L******,2021-12-20 09:04:23,0,6,TRAILER,14508,WABASH NATIONAL CORPORATION,4847,WABASH NATIONAL CORPORATION,13327,Wabash National Corporation,2006,,,6,UNITED STATES (USA),INDIANA,LAFAYETTE,,,61,Trailer,,,,,36,Van Trailer,,,53.000,,2,,
201800618075,1,1,1JJV482W*4L******,2021-12-20 09:04:23,0,6,TRAILER,14508,WABASH NATIONAL CORPORATION,4847,WABASH NATIONAL CORPORATION,13327,Wabash National Corporation,2004,,,6,UNITED STATES (USA),INDIANA,LAFAYETTE,,,61,Trailer,,,,,36,Van Trailer,,,48.000,,2,,
201800622724,1,1,1JJV532D*DL******,2021-12-20 09:04:23,0,6,TRAILER,14508,WABASH NATIONAL CORPORATION,4847,WABASH NATIONAL CORPORATION,10942,Dry Van Duraplate,2013,,,6,UNITED STATES (USA),INDIANA,LAFAYETTE,,,61,Trailer,,,,,36,Van Trailer,,,53.000,,2,,
201800627709,3,1,1DW1C532*YS******,2021-12-20 09:04:23,1,6,TRAILER,13506,"STOUGHTON TRAILERS, INC.",3414,STOUGHTON TRAILERS,7701,Stoughton trailers,2000,,,6,UNITED STATES (USA),WISCONSIN,STOUGHTON,"Stoughton Trailers, INC",,61,Trailer,,,,,46,Chassis,4,Straight Semi/Semi Trailer,53.000,,2,,
201800630636,1,1,1GRAA962*4B******,2021-12-20 09:04:23,0,6,TRAILER,1073,GREAT DANE TRAILERS,520,GREAT DANE TRAILERS,13436,Great Dane Trailers,2004,,,6,UNITED STATES (USA),INDIANA,BRAZIL,,,61,Trailer,,,,,36,Van Trailer,4,Straight Semi/Semi Trailer,48.000,Trailer Type = Dry Freight/ Reefer/ Insulated Van,2,,
201800630850,1,1,573TE272*J5******,2021-12-20 09:04:23,0,6,TRAILER,12235,"GRAND DESIGN RV, LLC",1336,GRAND DESIGN RECREATIONAL,18132,Imagine,2018,Narrow Body,,6,UNITED STATES (USA),INDIANA,BRISTOL,Plant 5,Plant Line 5,61,Trailer,,,,,21,Travel Trailer,,,27.000,Narrow Body,2,,
201800636816,1,1,1UYVS248*5G******,2021-12-20 09:04:23,0,6,TRAILER,10289,UTILITY TRAILER MANUFACTURING COMPANY,10138,UTILITY TRAILER MANUFACTURER,26222,Utility Trailer Manufacturer,2005,,,6,UNITED STATES (USA),VIRGINIA,GLADE SPRING,,,61,Trailer,,,,,36,Van Trailer,4,Straight Semi/Semi Trailer,48.000,,2,,
201800644884,1,1,1UYTS253*J5******,2021-12-20 09:04:24,0,6,TRAILER,10289,UTILITY TRAILER MANUFACTURING COMPANY,10138,UTILITY TRAILER MANUFACTURER,26222,Utility Trailer Manufacturer,2018,,,6,UNITED STATES (USA),ALABAMA,ENTERPRISE,,,61,Trailer,,,,,,,4,Straight Semi/Semi Trailer,53.000,Body Type: Tautliner,2,,
201800646157,2,1,1UYVS253*DM******,2021-12-20 09:04:24,0,6,TRAILER,10289,UTILITY TRAILER MANUFACTURING COMPANY,10138,UTILITY TRAILER MANUFACTURER,26222,Utility Trailer Manufacturer,2013,,,6,UNITED STATES (USA),VIRGINIA,MARION,,,61,Trailer,,,,,36,Van Trailer,4,Straight Semi/Semi Trailer,53.000,,2,,
201800647062,2,1,1GR1A561*JB******,2021-12-20 09:04:24,0,6,TRAILER,1073,GREAT DANE TRAILERS,520,GREAT DANE TRAILERS,13436,Great Dane Trailers,2018,,,6,UNITED STATES (USA),INDIANA,BRAZIL,,,61,Trailer,,,,,,,6,Kingpin,28.000,"Semitrailer - dry freight, reefer, or insulated van",1,,
201800647062,2,2,1KKVD281*EL******,2021-12-20 09:04:24,0,6,TRAILER,2340,KENTUCKY MANUFACTURING CO.,2048,KENTUCKY MANUFACTURING CO./ KENTUCKY TRAILER/ KENTUCKY TRAILER TECH,5803,Kentucky Manufacturing Co./ Kentucky Trailer/ Kentucky Trailer Tech,2014,,,6,UNITED STATES (USA),KENTUCKY,LOUISVILLE,Kentucky Manufacturing Co.,,61,Trailer,,,,,61,Drop Deck Trailer,,,28.000,,1,,
201800653412,1,1,1DW1A482*HS******,2021-12-20 09:04:24,1,6,TRAILER,13506,"STOUGHTON TRAILERS, INC.",3414,STOUGHTON TRAILERS,7701,Stoughton trailers,2017,,,6,UNITED STATES (USA),WISCONSIN,STOUGHTON,"Stoughton Trailers, INC",,61,Trailer,,,,,36,Van Trailer,4,Straight Semi/Semi Trailer,48.000,,2,,
201800658499,2,1,1UYFS245*1A******,2021-12-20 09:04:24,0,6,TRAILER,10289,UTILITY TRAILER MANUFACTURING COMPANY,10138,UTILITY TRAILER MANUFACTURER,26222,Utility Trailer Manufacturer,2001,,,6,UNITED STATES (USA),ALABAMA,ENTERPRISE,,,61,Trailer,,,,,6,Flat Bed Trailer/Platform Trailer,4,Straight Semi/Semi Trailer,45.000,,2,,
201800658855,1,1,1TDH4222*GB******,2021-12-20 09:04:24,0,6,TRAILER,8330,TIMPTE INC.,5331,"TIMPTE, INC",13636,Timpte,2016,,,6,UNITED STATES (USA),NEBRASKA,DAVID CITY,,"Seventh VIN position indicates the additional length of the trailer to the nearest inch up to 9 inches. If the additional length is 10 inches or more the seventh character is zero (0) and the sixth character will be increased to the next foot. For example : a 42ft 9in trailer will be represent in VIN position 5, 6 & 7 as ""429"" and a 42ft 10in. trailer will be represented in VIN position 5 , 6 & 7 as ""430"" respectively.",61,Trailer,,,,,174,Dry Bulk Trailer,,,42.000,Dry Bulk-Bottom Hopper,2,,
201800659318,2,1,1GRAA962*7S******,2021-12-20 09:04:24,0,6,TRAILER,1073,GREAT DANE TRAILERS,520,GREAT DANE TRAILERS,13436,Great Dane Trailers,2007,,,6,UNITED STATES (USA),GEORGIA,SAVANNAH,,,61,Trailer,,,,,36,Van Trailer,4,Straight Semi/Semi Trailer,48.000,Trailer Type = Dry Freight/ Reefer/ Insulated Van,2,,
201800664367,1,1,5EWES412*91******,2021-12-20 09:04:24,0,6,TRAILER,8329,"STECO, INC.",7475,"STECO, INC",20304,Ejector Trailer,2009,,,6,UNITED STATES (USA),OKLAHOMA,ENID,,,61,Trailer,,,,,119,Steel Body/Frame,,,41.000,,2,,
201800670026,1,1,1GRAP062*HD******,2021-12-20 09:04:24,0,6,TRAILER,1073,GREAT DANE TRAILERS,520,GREAT DANE TRAILERS,13436,Great Dane Trailers,2017,,,6,UNITED STATES (USA),PENNSYLVANIA,DANVILLE,,,61,Trailer,,,,,,,4,Straight Semi/Semi Trailer,53.000,Dry Freight Van / Reefer Van / Insulated Van,2,,
201800670309,2,1,1JJV532F*WF******,2021-12-20 09:04:24,0,6,TRAILER,14508,WABASH NATIONAL CORPORATION,4963,FRUEHUAF,12125,Fruehuaf,1998,,,6,UNITED STATES (USA),IOWA,FORT MADISON,,,61,Trailer,,,,,36,Van Trailer,,,53.000,,2,,
201800682428,1,1,5C2DB12B*4M******,2021-12-20 09:04:24,0,6,TRAILER,15683,"CLEMENT INDUSTRIES, INC.",5405,CLEMENT INDUSTRIES,13961,Clement,2004,,,6,UNITED STATES (USA),LOUISIANA,MINDEN,"Clement Industries, Inc",,61,Trailer,,,,,101,Other,30,Other,12.000,Tandem Axle,2,,
201800687636,1,1,1E9AL162*6L252***,2021-12-20 09:04:25,0,6,TRAILER,3967,"EMERSON TRAILERS, INC.",4114,EMERSON TRAILERS,8833,Emerson Trailers,2006,,,6,UNITED STATES (USA),FLORIDA,LAKE ALFRED,,,61,Trailer,,,,,114,Angle Iron,,,16.000,Body Type: Lawn Trailer,2,,
201800687934,2,1,1GR1A062*JE******,2021-12-20 09:04:25,0,6,TRAILER,1073,GREAT DANE TRAILERS,520,GREAT DANE TRAILERS,13436,Great Dane Trailers,2018,,,6,UNITED STATES (USA),GEORGIA,STATESBORO,,,61,Trailer,,,,,,,6,Kingpin,53.000,"Semitrailer - dry freight, reefer, or insulated van",2,,
201800699756,3,1,4KNTT162*FL******,2021-12-20 09:04:25,0,6,TRAILER,16566,"MONROE TOWMASTER, LLC",9174,TOWMASTER INC.,23410,Towmaster Inc.,2015,Towmaster,,6,UNITED STATES (USA),MINNESOTA,LITCHFIELD,,,61,Trailer,,,,,76,Tilt/Angled Trailer,,,16.000,,2,,
201800709382,1,1,1TTF482C*D3******,2021-12-20 09:04:25,0,6,TRAILER,8231,TRANSCRAFT CORPORATION,10511,TRANSCRAFT,27663,Combo Steel/Alum Flatbed,2013,,,6,UNITED STATES (USA),KENTUCKY,CADIZ,,,61,Trailer,,,,,6,Flat Bed Trailer/Platform Trailer,6,Kingpin,48.000,,2,,
201800714423,1,1,1PMA1432*71******,2021-12-20 09:04:25,0,6,TRAILER,6179,"POLAR TANK TRAILER, LLC",2921,POLAR TANK TRAILER,6874,Polar Tank Trailer,2007,,,6,UNITED STATES (USA),MINNESOTA,OPOLE,,,61,Trailer,,,,,15,Tank Trailer,30,Other,43.000,Vessel Code: Non-Code,2,,
201800714423,9,1,13N14820*81******,2021-12-20 09:04:25,0,6,TRAILER,12268,FONTAINE COMMERCIAL PLATFORM,1128,FONTAINE TRAILER CO.,4416,Fontaine Trailer Co.,2008,,,6,UNITED STATES (USA),ALABAMA,HALEYVILLE,,Optional Features: None,61,Trailer,,,,,6,Flat Bed Trailer/Platform Trailer,,,48.000,,2,,
201800718205,2,1,5EF3SC33*7B******,2021-12-20 09:04:25,0,6,TRAILER,4094,CHEETAH CHASSIS CORPORATION,4029,CHEETAH CHASSIS,8699,CHEETAH CHASSIS,2007,,,6,UNITED STATES (USA),PENNSYLVANIA,BERWICK,,,61,Trailer,,,,,46,Chassis,14,Bumper Pull,33.000,,3,,
201800718612,2,1,1UYVS253*EG******,2021-12-20 09:04:25,0,6,TRAILER,10289,UTILITY TRAILER MANUFACTURING COMPANY,10138,UTILITY TRAILER MANUFACTURER,26222,Utility Trailer Manufacturer,2014,,,6,UNITED STATES (USA),VIRGINIA,GLADE SPRING,,,61,Trailer,,,,,36,Van Trailer,4,Straight Semi/Semi Trailer,53.000,,2,,
201800718666,1,1,1JJV572Y*SL******,2021-12-20 09:04:25,0,6,TRAILER,14508,WABASH NATIONAL CORPORATION,4847,WABASH NATIONAL CORPORATION,22482,Exterior Post Can,1995,,,6,UNITED STATES (USA),INDIANA,LAFAYETTE,,,61,Trailer,,,,,36,Van Trailer,,,57.000,,2,,
201800718877,1,1,1JJV482W*4L******,2021-12-20 09:04:25,0,6,TRAILER,14508,WABASH NATIONAL CORPORATION,4847,WABASH NATIONAL CORPORATION,13327,Wabash National Corporation,2004,,,6,UNITED STATES (USA),INDIANA,LAFAYETTE,,,61,Trailer,,,,,36,Van Trailer,,,48.000,,2,,
201800721157,1,1,527SR532*HM******,2021-12-20 09:04:25,0,6,TRAILER,6703,CIMC REEFER TRAILER INC.,1561,"CIMC REEFER TRAILER,INC",4978,"CIMC REEFER TRAILER,INC.",2017,,,6,UNITED STATES (USA),INDIANA,MONON,"CIMC Reefer Trailer,Inc",,61,Trailer,,,,,36,Van Trailer,4,Straight Semi/Semi Trailer,53.000,Trailer Body Type: Reefer Van Trailer,2,,
201800727035,1,1,1JJV532D*CL******,2021-12-20 09:04:25,0,6,TRAILER,14508,WABASH NATIONAL CORPORATION,4847,WABASH NATIONAL CORPORATION,10942,Dry Van Duraplate,2012,,,6,UNITED STATES (USA),INDIANA,LAFAYETTE,,,61,Trailer,,,,,36,Van Trailer,,,53.000,,2,,
201800727056,2,1,1JJV532W*3L******,2021-12-20 09:04:26,0,6,TRAILER,14508,WABASH NATIONAL CORPORATION,4847,WABASH NATIONAL CORPORATION,13327,Wabash National Corporation,2003,,,6,UNITED STATES (USA),INDIANA,LAFAYETTE,,,61,Trailer,,,,,36,Van Trailer,,,53.000,,2,,
201800728274,2,1,1JJV532W*TF******,2021-12-20 09:04:26,1,6,TRAILER,14508,WABASH NATIONAL CORPORATION,4847,WABASH NATIONAL CORPORATION,22480,Exterior Post Standard,1996,,,6,UNITED STATES (USA),IOWA,FORT MADISON,,,61,Trailer,,,,,36,Van Trailer,,,53.000,,2,,
201800728566,1,1,5V8VC532*FM******,2021-12-20 09:04:26,0,6,TRAILER,16522,VANGUARD NATIONAL TRAILER CORPORATION (VNTC),6474,VANGUARD NATIONAL TRAILER CORPORATION (VNTC),17782,VANGUARD NATIONAL TRAILER CORPORATION (VNTC),2015,,,6,UNITED STATES (USA),INDIANA,MONON,,,61,Trailer,,,,,,,,,53.000,Dry Freight Van,2,3,Tandem
201800729602,1,1,1PMS3432*C1******,2021-12-20 09:04:26,0,6,TRAILER,6179,"POLAR TANK TRAILER, LLC",2921,POLAR TANK TRAILER,6874,Polar Tank Trailer,2012,,,6,UNITED STATES (USA),MINNESOTA,OPOLE,,,61,Trailer,,,,,15,Tank Trailer,,,43.000,Vessel Code: DOT 407,2,,
201800733169,1,1,1JJV532D*CL******,2021-12-20 09:04:26,0,6,TRAILER,14508,WABASH NATIONAL CORPORATION,4847,WABASH NATIONAL CORPORATION,10942,Dry Van Duraplate,2012,,,6,UNITED STATES (USA),INDIANA,LAFAYETTE,,,61,Trailer,,,,,36,Van Trailer,,,53.000,,2,,
201800735570,1,1,1UYVS253*EU******,2021-12-20 09:04:26,0,6,TRAILER,10289,UTILITY TRAILER MANUFACTURING COMPANY,10138,UTILITY TRAILER MANUFACTURER,26222,Utility Trailer Manufacturer,2014,,,6,UNITED STATES (USA),UTAH,CLEARFIELD,,,61,Trailer,,,,,36,Van Trailer,4,Straight Semi/Semi Trailer,53.000,,2,,
201800738558,1,1,1GRAP962*GK******,2021-12-20 09:04:26,0,6,TRAILER,1073,GREAT DANE TRAILERS,520,GREAT DANE TRAILERS,13436,Great Dane Trailers,2016,,,6,UNITED STATES (USA),ILLINOIS,KEWANEE,,,61,Trailer,,,,,,,4,Straight Semi/Semi Trailer,48.000,Dry Freight Van / Reefer Van / Insulated Van,2,,
201800742570,2,1,4YMBU081*JG******,2021-12-20 09:04:26,0,6,TRAILER,13315,"CARRY-ON TRAILER, INC.",4933,CARRY-ON TRAILER,12040,Carry-On Trailer,2018,,,6,UNITED STATES (USA),GEORGIA,LAONIA,,,61,Trailer,,,,,32,Open Bed Trailer,1,Ball Type Pull,8.000,,1,,
201800754878,1,1,1GRAA062*3G******,2021-12-20 09:04:26,0,6,TRAILER,1073,GREAT DANE TRAILERS,520,GREAT DANE TRAILERS,13436,Great Dane Trailers,2003,,,6,UNITED STATES (USA),MISSISSIPPI,GREENVILLE,,Effective 01/01/00,61,Trailer,,,,,36,Van Trailer,4,Straight Semi/Semi Trailer,53.000,Trailer Type = Dry Freight/ Reefer/ Insulated Van,2,,
201800763496,1,1,3H3V532C*HT******,2021-12-20 09:04:26,0,6,TRAILER,14282,"HYUNDAI DE MEXICO, S.A. DE C.V.",4876,HYUNDAI TRANSLEAD TRAILERS,11496,Hyundai Translead Trailers,2017,,,12,MEXICO,BAJA CALIFORNIA,TIJUANA,,,61,Trailer,,,,,36,Van Trailer,,,53.000,Material: Aluminum/Steel,2,,
201800763959,1,1,1LH930VH*E1******,2021-12-20 09:04:26,0,6,TRAILER,3729,"LANDOLL COMPANY, LLC",2123,LANDOLL CORPORATION,5894,Landoll Corporation,2014,Model 930D,,6,UNITED STATES (USA),KANSAS,MARYSVILLE,Landoll Corporation,Axle Type: dual wheels,61,Trailer,9,"Class 8: 33,001 lb and above (14,969 kg and above)",,,88,Flatbed - Single Drop,5,Fifth Wheel,,"Trailer Length (feet): 50, 51",2,3,Tandem
201800765415,2,1,4C6FC482*Y1******,2021-12-20 09:04:26,0,6,TRAILER,17312,"REINKE MANUFACTURING COMPANY, INC",2796,"REINKE MANUFACTURING COMPANY, INC",6737,Reinke Manufacturing Company Inc,2000,,,6,UNITED STATES (USA),NEBRASKA,DESHLER,,,61,Trailer,,,,,6,Flat Bed Trailer/Platform Trailer,,,48.000,Flatbed Combo (Steel/Alum),2,,
201800765823,1,1,1D9BG242*71609***,2021-12-20 09:04:26,0,6,TRAILER,11391,"DOONAN SPECIALIZED TRAILER, LLC",1335,DOONAN SPECIALIZED TRAILER,4689,Doonan Specialized Trailer,2007,,,6,UNITED STATES (USA),KANSAS,GREAT BEND,,,61,Trailer,,,,,61,Drop Deck Trailer,,,,Platform,2,,
201800765910,3,1,4FPFB101*6G******,2021-12-20 09:04:26,0,6,TRAILER,1489,PACE AMERICAN OF GEORGIA INC.,2500,PACE AMERICAN,6324,Pace American Trailer,2006,,,6,UNITED STATES (USA),GEORGIA,,Pace American of Georgia,,61,Trailer,10,"Class 1A: 3,000 lb or less (1,360 kg or less)",5,"Class 4: 14,001 - 16,000 lb (6,350 - 7,258 kg)",59,Van/Covered Cargo/Enclosed,,,10.000,"Length: 6 -20 FT; GVWR: 1000 - 16,000  (4 ,5,6.5 WIDE TRAILER )",1,,
201800767413,1,1,5EF2GC40*HB******,2021-12-20 09:04:27,0,6,TRAILER,4094,CHEETAH CHASSIS CORPORATION,4029,CHEETAH CHASSIS,8699,CHEETAH CHASSIS,2017,,,6,UNITED STATES (USA),PENNSYLVANIA,BERWICK,,,61,Trailer,,,,,46,Chassis,4,Straight Semi/Semi Trailer,40.000,Gooseneck Chassis,2,3,Tandem
201800767811,1,1,4D6EB121*7A******,2021-12-20 09:04:27,0,6,TRAILER,4540,"CARGO CRAFT ,INC.",6806,"CARGO CRAFT ,INC.",18250,"CARGO CRAFT ,INC.",2007,,,6,UNITED STATES (USA),GEORGIA,AMBROSE,,,61,Trailer,,,,,6,Flat Bed Trailer/Platform Trailer,14,Bumper Pull,12.000,,1,,
201800772750,1,1,1GR4M962*JH******,2021-12-20 09:04:27,1,6,TRAILER,1073,GREAT DANE TRAILERS,520,GREAT DANE TRAILERS,13436,Great Dane Trailers,2018,,,6,UNITED STATES (USA),TENNESSEE,HUNTSVILLE,,,61,Trailer,,,,,,,6,Kingpin,48.000,Semitrailer - platform,2,,
201800772750,2,1,1JJV572D*FL******,2021-12-20 09:04:27,0,6,TRAILER,14508,WABASH NATIONAL CORPORATION,4847,WABASH NATIONAL CORPORATION,10942,Dry Van Duraplate,2015,,,6,UNITED STATES (USA),INDIANA,LAFAYETTE,,,61,Trailer,,,,,36,Van Trailer,,,57.000,,2,,
201800772793,1,1,1L9GA72A*7L033***,2021-12-20 09:04:27,0,6,TRAILER,2705,"LEDWELL & SON ENTERPRISES, INC.",9834,"LEDWELL & SONS ENTERPRISES, INC.",25224,"Ledwell & Sons Enterprises, Inc.",2007,None,,6,UNITED STATES (USA),TEXAS,TEXARKANA,,,61,Trailer,,,,,24,Hydratail,,,,Length: 45'+,2,,
201800779388,1,1,1UNST422*9L******,2021-12-20 09:04:27,0,6,TRAILER,1739,"DRAGON PRODUCTS, LTD",956,DRAGON PRODUCTS,4976,Dragon Products,2009,,,6,UNITED STATES (USA),TEXAS,LAPORTE,,,61,Trailer,,,,,15,Tank Trailer,4,Straight Semi/Semi Trailer,42.000,,2,,
201800779627,2,1,4YMBU081*HG******,2021-12-20 09:04:27,0,6,TRAILER,13315,"CARRY-ON TRAILER, INC.",4933,CARRY-ON TRAILER,12040,Carry-On Trailer,2017,,,6,UNITED STATES (USA),GEORGIA,LAONIA,,,61,Trailer,,,,,32,Open Bed Trailer,1,Ball Type Pull,8.000,,1,,
201800779676,1,1,5V8VA532*AM******,2021-12-20 09:04:27,0,6,TRAILER,16522,VANGUARD NATIONAL TRAILER CORPORATION (VNTC),6474,VANGUARD NATIONAL TRAILER CORPORATION (VNTC),17782,VANGUARD NATIONAL TRAILER CORPORATION (VNTC),2010,,,6,UNITED STATES (USA),INDIANA,MONON,,,61,Trailer,,,,,,,,,53.000,Interior Post Aluminum Semi Trailer,2,3,Tandem
201800784431,1,1,1JJV502W*7L******,2021-12-20 09:04:27,0,6,TRAILER,14508,WABASH NATIONAL CORPORATION,4847,WABASH NATIONAL CORPORATION,13327,Wabash National Corporation,2007,,,6,UNITED STATES (USA),INDIANA,LAFAYETTE,,,61,Trailer,,,,,36,Van Trailer,,,50.000,,2,,
201800784439,1,1,1GRDM962*5M******,2021-12-20 09:04:27,0,6,TRAILER,1073,GREAT DANE TRAILERS,520,GREAT DANE TRAILERS,13436,Great Dane Trailers,2005,,,6,UNITED STATES (USA),TENNESSEE,MEMPHIS,,,61,Trailer,,,,,6,Flat Bed Trailer/Platform Trailer,4,Straight Semi/Semi Trailer,48.000,Body Type = Straight Deck/ Extendable,2,,
201800784713,1,1,4MJUB202*YE******,2021-12-20 09:04:27,0,6,TRAILER,1254,"CORNELIUS MANUFACTURING, INC.",682,CMI,3802,CMI,2000,,,6,UNITED STATES (USA),INDIANA,ELNORA,,,61,Trailer,,,,,16,Utility Trailer,14,Bumper Pull,20.000,,2,,
201800784936,1,1,4APKB181*J1******,2021-12-20 09:04:27,0,6,TRAILER,4119,KNIGHT BROS. INC. DBA HERITAGE CUSTOM TRAILERS,1874,HERITAGE CUSTOM TRAILERS,8225,Heritage,2018,,,6,UNITED STATES (USA),ILLINOIS,BENTON,,,61,Trailer,,,,,2,Boat Trailer,14,Bumper Pull,18.000,,1,,
201800784954,2,1,1GR1P902*JK******,2021-12-20 09:04:27,0,6,TRAILER,1073,GREAT DANE TRAILERS,520,GREAT DANE TRAILERS,13436,Great Dane Trailers,2018,,,6,UNITED STATES (USA),ILLINOIS,KEWANEE,,,61,Trailer,,,,,,,6,Kingpin,45.000,"Semitrailer - dry freight, reefer, or insulated van",2,,
201800789078,1,1,5HTJM432*G7******,2021-12-20 09:04:27,0,6,TRAILER,5564,"HEIL TRAILER INTERNATIONAL, CO",5444,J&L,14160,J&L Trailers,2016,,,6,UNITED STATES (USA),TENNESSEE,ATHENS,,,61,Trailer,,,,,15,Tank Trailer,4,Straight Semi/Semi Trailer,43.000,CS ASPHALT,2,,
201800789403,1,1,5NHUHD22*81******,2021-12-20 09:04:27,0,6,TRAILER,1084,"FOREST RIVER, INC.",531,FOREST RIVER,2410,Hydra-Lift,2008,,,6,UNITED STATES (USA),INDIANA,ELKHART,,55135 CR1,61,Trailer,,,,,16,Utility Trailer,,,12.000,,2,,
201800790332,1,1,1GRAA962*XS******,2021-12-20 09:04:27,0,6,TRAILER,1073,GREAT DANE TRAILERS,520,GREAT DANE TRAILERS,13436,Great Dane Trailers,1999,,,6,UNITED STATES (USA),GEORGIA,SAVANNAH,,,61,Trailer,,,,,36,Van Trailer,4,Straight Semi/Semi Trailer,48.000,Trailer Type = Dry Freight/ Reefer/ Insulated Van,2,,
201800797414,1,1,1GRAA062*8W******,2021-12-20 09:04:28,0,6,TRAILER,1073,GREAT DANE TRAILERS,520,GREAT DANE TRAILERS,13436,Great Dane Trailers,2008,,,6,UNITED STATES (USA),NEBRASKA,WAYNE,,,61,Trailer,,,,,36,Van Trailer,4,Straight Semi/Semi Trailer,53.000,Trailer Type = Dry Freight/ Reefer/ Insulated Van,2,,
201800797920,1,1,1UNST422*CL******,2021-12-20 09:04:28,0,6,TRAILER,1739,"DRAGON PRODUCTS, LTD",956,DRAGON PRODUCTS,4976,Dragon Products,2012,,,6,UNITED STATES (USA),TEXAS,LAPORTE,,,61,Trailer,,,,,15,Tank Trailer,4,Straight Semi/Semi Trailer,42.000,,2,,
201800801334,1,1,1DW1A532*CS******,2021-12-20 09:04:28,0,6,TRAILER,13506,"STOUGHTON TRAILERS, INC.",3414,STOUGHTON TRAILERS,7701,Stoughton trailers,2012,,,6,UNITED STATES (USA),WISCONSIN,STOUGHTON,"Stoughton Trailers, INC",,61,Trailer,,,,,36,Van Trailer,4,Straight Semi/Semi Trailer,53.000,,2,,
201800801957,1,1,1JJV532D*HL******,2021-12-20 09:04:28,0,6,TRAILER,14508,WABASH NATIONAL CORPORATION,4847,WABASH NATIONAL CORPORATION,10942,Dry Van Duraplate,2017,,,6,UNITED STATES (USA),INDIANA,LAFAYETTE,,,61,Trailer,,,,,36,Van Trailer,,,53.000,,2,,
201800806039,1,1,1JJV532D*BL******,2021-12-20 09:04:28,0,6,TRAILER,14508,WABASH NATIONAL CORPORATION,4847,WABASH NATIONAL CORPORATION,10942,Dry Van Duraplate,2011,,,6,UNITED STATES (USA),INDIANA,LAFAYETTE,,,61,Trailer,,,,,36,Van Trailer,,,53.000,,2,,
201800807825,1,1,3H3V482C*ET******,2021-12-20 09:04:28,0,6,TRAILER,14282,"HYUNDAI DE MEXICO, S.A. DE C.V.",4876,HYUNDAI TRANSLEAD TRAILERS,11496,Hyundai Translead Trailers,2014,,,12,MEXICO,BAJA CALIFORNIA,TIJUANA,,,61,Trailer,,,,,36,Van Trailer,,,48.000,Material: Aluminum/Steel,2,,
201800808345,2,1,58CB1DB2*GC******,2021-12-20 09:04:28,0,6,TRAILER,7342,"BWISE MANUFACTURING, LLC",4746,BWISE MANUFACTURING,10040,Bwise Manufacturing LLC,2016,,,6,UNITED STATES (USA),PUERTO RICO,CHAMBERSBURG,Bwise Manufacturing,,61,Trailer,,,,,4,Dump Trailer/Dumping Trailer,14,Bumper Pull,12.000,Standard,2,,
201800809966,1,1,1GRAA062*4T******,2021-12-20 09:04:28,0,6,TRAILER,1073,GREAT DANE TRAILERS,520,GREAT DANE TRAILERS,13436,Great Dane Trailers,2004,,,6,UNITED STATES (USA),INDIANA,TERRE HAUTE,,Effective 03/01/00,61,Trailer,,,,,36,Van Trailer,4,Straight Semi/Semi Trailer,53.000,Trailer Type = Dry Freight/ Reefer/ Insulated Van,2,,
201800817740,1,1,1E1D1N28*6R******,2021-12-20 09:04:28,1,6,TRAILER,5338,EAST MANUFACTURING CORP.,1334,EAST MANUFACTURING CORP.,4686,East Manufacturing Corp,2006,,,6,UNITED STATES (USA),OHIO,RANDOLPH,,,61,Trailer,9,"Class 8: 33,001 lb and above (14,969 kg and above)",,,4,Dump Trailer/Dumping Trailer,30,Other,30.000,Steel Frame,2,,
201800826541,1,1,5JYLP402*DP******,2021-12-20 09:04:28,0,6,TRAILER,2290,PITTS ENTERPRISES INC,2831,PITTS TRAILERS,6775,Pitts Trailers,2013,,,6,UNITED STATES (USA),ALABAMA,PITTSVIEW,,,61,Trailer,,,,,19,Logging Trailer,,,40.000,Trailer Type: Plantation,2,,
201800828483,1,1,1UNST442*DS******,2021-12-20 09:04:28,0,6,TRAILER,1739,"DRAGON PRODUCTS, LTD",956,DRAGON PRODUCTS,4976,Dragon Products,2013,,,6,UNITED STATES (USA),TEXAS,SILSBEE,,,61,Trailer,,,,,15,Tank Trailer,4,Straight Semi/Semi Trailer,44.000,,2,,
201800830433,2,1,1GRAP062*FT******,2021-12-20 09:04:28,0,6,TRAILER,1073,GREAT DANE TRAILERS,520,GREAT DANE TRAILERS,13436,Great Dane Trailers,2015,,,6,UNITED STATES (USA),INDIANA,TERRE HAUTE,,,61,Trailer,,,,,,,4,Straight Semi/Semi Trailer,53.000,Dry Freight Van / Reefer Van / Insulated Van,2,,
201800832451,2,1,1UYVS253*YU******,2021-12-20 09:04:28,0,6,TRAILER,10289,UTILITY TRAILER MANUFACTURING COMPANY,10138,UTILITY TRAILER MANUFACTURER,26222,Utility Trailer Manufacturer,2000,,,6,UNITED STATES (USA),UTAH,CLEARFIELD,,,61,Trailer,,,,,36,Van Trailer,4,Straight Semi/Semi Trailer,53.000,,2,,
201800844306,1,1,1JJV532D*GL******,2021-12-20 09:04:29,0,6,TRAILER,14508,WABASH NATIONAL CORPORATION,4847,WABASH NATIONAL CORPORATION,10942,Dry Van Duraplate,2016,,,6,UNITED STATES (USA),INDIANA,LAFAYETTE,,,61,Trailer,,,,,36,Van Trailer,,,53.000,,2,,
201800844324,3,1,1GRAA062*DT******,2021-12-20 09:04:29,0,6,TRAILER,1073,GREAT DANE TRAILERS,520,GREAT DANE TRAILERS,13436,Great Dane Trailers,2013,,,6,UNITED STATES (USA),INDIANA,TERRE HAUTE,,,61,Trailer,,,,,,,4,Straight Semi/Semi Trailer,53.000,Dry Freight Van / Reefer Van / Insulated Van,2,,
201800845007,1,1,1UYVS253*AM******,2021-12-20 09:04:29,0,6,TRAILER,10289,UTILITY TRAILER MANUFACTURING COMPANY,10138,UTILITY TRAILER MANUFACTURER,26222,Utility Trailer Manufacturer,2010,,,6,UNITED STATES (USA),VIRGINIA,MARION,,,61,Trailer,,,,,36,Van Trailer,4,Straight Semi/Semi Trailer,53.000,,2,,
201800850937,1,1,1UYVS253*K2******,2021-12-20 09:04:29,0,6,TRAILER,10289,UTILITY TRAILER MANUFACTURING COMPANY,10138,UTILITY TRAILER MANUFACTURER,26222,Utility Trailer Manufacturer,2019,,,6,UNITED STATES (USA),UTAH,CLEARFIELD,,,61,Trailer,,,,,36,Van Trailer,4,Straight Semi/Semi Trailer,53.000,,2,,
201800855872,1,1,1N9GF363*BT263***,2021-12-20 09:04:29,0,6,TRAILER,13563,"C DIAMOND F, INC.",4288,NECKOVER TRAILERS,9078,Neckover Trailers,2011,,,6,UNITED STATES (USA),TEXAS,TROUP,Neckover Trailers,,61,Trailer,,,,,6,Flat Bed Trailer/Platform Trailer,3,Gooseneck,36.000,,3,,
201800858307,2,1,1TTF532C*J3******,2021-12-20 09:04:29,1,6,TRAILER,8231,TRANSCRAFT CORPORATION,10511,TRANSCRAFT,27663,Combo Steel/Alum Flatbed,2018,,,6,UNITED STATES (USA),KENTUCKY,CADIZ,,,61,Trailer,,,,,6,Flat Bed Trailer/Platform Trailer,6,Kingpin,53.000,,2,,
201800858320,1,1,4D6EB122*8A******,2021-12-20 09:04:29,1,6,TRAILER,4540,"CARGO CRAFT ,INC.",6806,"CARGO CRAFT ,INC.",18250,"CARGO CRAFT ,INC.",2008,,,6,UNITED STATES (USA),GEORGIA,AMBROSE,,,61,Trailer,,,,,6,Flat Bed Trailer/Platform Trailer,14,Bumper Pull,12.000,,2,,
201800858400,1,1,1UYVS253*K2******,2021-12-20 09:04:29,0,6,TRAILER,10289,UTILITY TRAILER MANUFACTURING COMPANY,10138,UTILITY TRAILER MANUFACTURER,26222,Utility Trailer Manufacturer,2019,,,6,UNITED STATES (USA),UTAH,CLEARFIELD,,,61,Trailer,,,,,36,Van Trailer,4,Straight Semi/Semi Trailer,53.000,,2,,
201800859122,2,1,1UYVS250*K2******,2021-12-20 09:04:29,0,6,TRAILER,10289,UTILITY TRAILER MANUFACTURING COMPANY,10138,UTILITY TRAILER MANUFACTURER,26222,Utility Trailer Manufacturer,2019,,,6,UNITED STATES (USA),UTAH,CLEARFIELD,,,61,Trailer,,,,,36,Van Trailer,4,Straight Semi/Semi Trailer,50.000,,2,,
201800859122,3,1,1DW1A452*JS******,2021-12-20 09:04:29,0,6,TRAILER,13506,"STOUGHTON TRAILERS, INC.",3414,STOUGHTON TRAILERS,7701,Stoughton trailers,2018,,,6,UNITED STATES (USA),WISCONSIN,STOUGHTON,"Stoughton Trailers, INC",,61,Trailer,,,,,36,Van Trailer,4,Straight Semi/Semi Trailer,45.000,,2,,
201800859787,4,1,1GRDM962*VM******,2021-12-20 09:04:29,0,6,TRAILER,1073,GREAT DANE TRAILERS,520,GREAT DANE TRAILERS,13436,Great Dane Trailers,1997,,,6,UNITED STATES (USA),TENNESSEE,MEMPHIS,,,61,Trailer,,,,,6,Flat Bed Trailer/Platform Trailer,4,Straight Semi/Semi Trailer,48.000,Body Type = Straight Deck/ Extendable,2,,
201800861884,2,1,1GR1P062*KB******,2021-12-20 09:04:30,0,6,TRAILER,1073,GREAT DANE TRAILERS,520,GREAT DANE TRAILERS,13436,Great Dane Trailers,2019,,,6,UNITED STATES (USA),INDIANA,BRAZIL,,,61,Trailer,,,,,,,6,Kingpin,53.000,"Semitrailer - dry freight, reefer, or insulated van",2,,
201800861929,1,1,4TM13UT2*JB******,2021-12-20 09:04:30,0,6,TRAILER,15828,WHITE RIVER MARINE GROUP LLC,8645,WHITE RIVER MARINE GROUP,22696,White River Marine Group,2018,Pontoons,SFB24,6,UNITED STATES (USA),MISSOURI,OZARK,,,61,Trailer,,,,,2,Boat Trailer,1,Ball Type Pull,29.000,,2,,
201800861937,1,1,1UYVS253*FU******,2021-12-20 09:04:30,0,6,TRAILER,10289,UTILITY TRAILER MANUFACTURING COMPANY,10138,UTILITY TRAILER MANUFACTURER,26222,Utility Trailer Manufacturer,2015,,,6,UNITED STATES (USA),UTAH,CLEARFIELD,,,61,Trailer,,,,,36,Van Trailer,4,Straight Semi/Semi Trailer,53.000,,2,,
201800863719,2,1,1TKA0482*CM******,2021-12-20 09:04:30,0,6,TRAILER,13498,TRAIL KING INDUSTRIES,3251,TRAIL KING INDUSTRIES,7386,TRAIL KING INDUSTRIES,2012,,,6,UNITED STATES (USA),SOUTH DAKOTA,MITCHELL,,Configuration: Position not used at this time.,61,Trailer,,,,,8,Hydraulic Trailer,,,48.000,"Trailer Length: Inverted Hoist= Add 2FT( but leave the unit part # as is)   Extend Apron = Add 1 Ft( if apron 14"" extended floor plate)",2,,
201800869850,2,1,1GRAA062*EB******,2021-12-20 09:04:30,0,6,TRAILER,1073,GREAT DANE TRAILERS,520,GREAT DANE TRAILERS,13436,Great Dane Trailers,2014,,,6,UNITED STATES (USA),INDIANA,BRAZIL,,,61,Trailer,,,,,,,4,Straight Semi/Semi Trailer,53.000,Dry Freight Van / Reefer Van / Insulated Van,2,,
201800869868,2,1,5HTAB432*A7******,2021-12-20 09:04:30,0,6,TRAILER,5564,"HEIL TRAILER INTERNATIONAL, CO",2365,"HEIL TRAILER INTERNATIONAL, CO.",6142,"Heil Trailer International, Co.",2010,,,6,UNITED STATES (USA),TENNESSEE,ATHENS,,Body Shape: Straight Elliptical,61,Trailer,,,,,15,Tank Trailer,,,43.000,AL 306/406,2,,
201800876058,1,1,1UYVS253*AU******,2021-12-20 09:04:30,0,6,TRAILER,10289,UTILITY TRAILER MANUFACTURING COMPANY,10138,UTILITY TRAILER MANUFACTURER,26222,Utility Trailer Manufacturer,2010,,,6,UNITED STATES (USA),UTAH,CLEARFIELD,,,61,Trailer,,,,,36,Van Trailer,4,Straight Semi/Semi Trailer,53.000,,2,,
201800877138,2,1,1TTF4820*62******,2021-12-20 09:04:30,0,6,TRAILER,8231,TRANSCRAFT CORPORATION,10511,TRANSCRAFT,28401,Transcraft,2006,,,6,UNITED STATES (USA),KENTUCKY,MOUNT STERLING,,,61,Trailer,,,,,6,Flat Bed Trailer/Platform Trailer,6,Kingpin,48.000,Platform,2,,
201800880939,2,1,1M5BA242*G1******,2021-12-20 09:04:30,0,6,TRAILER,13552,MAGIC TILT TRAILERS INC.,4228,MAGIC TILT TRAILERS,9005,Magic Tilt Trailers,2016,,,6,UNITED STATES (USA),FLORIDA,CLEARWATER,,,61,Trailer,,,,,2,Boat Trailer,30,Other,24.000,,2,,
201800881581,2,1,1GRAA062*3T******,2021-12-20 09:04:30,0,6,TRAILER,1073,GREAT DANE TRAILERS,520,GREAT DANE TRAILERS,13436,Great Dane Trailers,2003,,,6,UNITED STATES (USA),INDIANA,TERRE HAUTE,,Effective 03/01/00,61,Trailer,,,,,36,Van Trailer,4,Straight Semi/Semi Trailer,53.000,Trailer Type = Dry Freight/ Reefer/ Insulated Van,2,,
201800881800,1,1,1R9BD422*T1051***,2021-12-20 09:04:30,1,6,TRAILER,15314,RED RIVER MANUFACTURING & DISTRIBUTING,5886,RED RIVER,15333,Red River Trailer,1996,,,6,UNITED STATES (USA),NORTH DAKOTA,WEST FARGO,,,61,Trailer,,,,,101,Other,,,42.000,Belly Dump,2,,
201800892332,2,1,1GRAA062*WB******,2021-12-20 09:04:31,0,6,TRAILER,1073,GREAT DANE TRAILERS,520,GREAT DANE TRAILERS,13436,Great Dane Trailers,1998,,,6,UNITED STATES (USA),INDIANA,BRAZIL,,,61,Trailer,,,,,36,Van Trailer,4,Straight Semi/Semi Trailer,53.000,Trailer Type = Dry Freight/ Reefer/ Insulated Van,2,,
201800894637,1,1,1XKWDB9X*XR******,2021-12-20 09:04:31,0,3,TRUCK,1032,KENWORTH TRUCK COMPANY,532,KENWORTH,9716,W900,1999,,,6,UNITED STATES (USA),WASHINGTON,RENTON,,"47,001-57,000 lbs.",66,Truck-Tractor,9,"Class 8: 33,001 lb and above (14,969 kg and above)",,,0,Not Applicable,0,Not Applicable,,,,,
201800896276,1,1,1GRAA062*CW******,2021-12-20 09:04:31,0,6,TRAILER,1073,GREAT DANE TRAILERS,520,GREAT DANE TRAILERS,13436,Great Dane Trailers,2012,,,6,UNITED STATES (USA),NEBRASKA,WAYNE,,,61,Trailer,,,,,,,4,Straight Semi/Semi Trailer,53.000,Dry Freight Van / Reefer Van / Insulated Van,2,,
201800901185,1,1,1UYVS253*HG******,2021-12-20 09:04:31,0,6,TRAILER,10289,UTILITY TRAILER MANUFACTURING COMPANY,10138,UTILITY TRAILER MANUFACTURER,26222,Utility Trailer Manufacturer,2017,,,6,UNITED STATES (USA),VIRGINIA,GLADE SPRING,,,61,Trailer,,,,,36,Van Trailer,4,Straight Semi/Semi Trailer,53.000,,2,,
201800903730,1,1,4YMBU061*GG******,2021-12-20 09:04:31,0,6,TRAILER,13315,"CARRY-ON TRAILER, INC.",4933,CARRY-ON TRAILER,12040,Carry-On Trailer,2016,,,6,UNITED STATES (USA),GEORGIA,LAONIA,,,61,Trailer,,,,,32,Open Bed Trailer,1,Ball Type Pull,6.000,,1,,
201800906134,2,1,1UYVS253*GU******,2021-12-20 09:04:31,0,6,TRAILER,10289,UTILITY TRAILER MANUFACTURING COMPANY,10138,UTILITY TRAILER MANUFACTURER,26222,Utility Trailer Manufacturer,2016,,,6,UNITED STATES (USA),UTAH,CLEARFIELD,,,61,Trailer,,,,,36,Van Trailer,4,Straight Semi/Semi Trailer,53.000,,2,,
201800906134,3,1,1UYVS253*CU******,2021-12-20 09:04:31,0,6,TRAILER,10289,UTILITY TRAILER MANUFACTURING COMPANY,10138,UTILITY TRAILER MANUFACTURER,26222,Utility Trailer Manufacturer,2012,,,6,UNITED STATES (USA),UTAH,CLEARFIELD,,,61,Trailer,,,,,36,Van Trailer,4,Straight Semi/Semi Trailer,53.000,,2,,
201800910284,1,1,1UYVS257*9P******,2021-12-20 09:04:31,0,6,TRAILER,10289,UTILITY TRAILER MANUFACTURING COMPANY,10138,UTILITY TRAILER MANUFACTURER,26222,Utility Trailer Manufacturer,2009,,,6,UNITED STATES (USA),ARKANSAS,PARAGOULD,,,61,Trailer,,,,,36,Van Trailer,4,Straight Semi/Semi Trailer,57.000,,2,,
201800911715,1,1,1FUWDCYA*TH******,2021-12-20 09:04:31,0,3,TRUCK,1024,DAIMLER TRUCKS NORTH AMERICA LLC,450,FREIGHTLINER,9804,USF-1E,1996,"Long Conventional, Hwy",,6,UNITED STATES (USA),NORTH CAROLINA,MT. HOLLY,,,66,Truck-Tractor,8,"Class 7: 26,001 - 33,000 lb (11,794 - 14,969 kg)",,,0,Not Applicable,0,Not Applicable,,,,1,SBA - Set-Back Axle
201800911928,2,1,5MAMN532*GC******,2021-12-20 09:04:31,0,6,TRAILER,5950,"MAC TRAILER MFG, INC.",6826,MAC TRAILER MANUFACTURING,18288,MAC TRAILER MANUFACTURING,2016,,,6,UNITED STATES (USA),OHIO,ALLIANCE,,Commerce Street,61,Trailer,,,,,101,Other,,,53.000,No Frame,2,,
201800912949,2,1,3H3V532C*8T******,2021-12-20 09:04:31,0,6,TRAILER,14282,"HYUNDAI DE MEXICO, S.A. DE C.V.",4876,HYUNDAI TRANSLEAD TRAILERS,11496,Hyundai Translead Trailers,2008,,,12,MEXICO,BAJA CALIFORNIA,TIJUANA,,,61,Trailer,,,,,36,Van Trailer,,,53.000,Material: Aluminum/Steel,2,,
201800913888,2,1,1GRAA062*GT******,2021-12-20 09:04:31,0,6,TRAILER,1073,GREAT DANE TRAILERS,520,GREAT DANE TRAILERS,13436,Great Dane Trailers,2016,,,6,UNITED STATES (USA),INDIANA,TERRE HAUTE,,,61,Trailer,,,,,,,4,Straight Semi/Semi Trailer,53.000,Dry Freight Van / Reefer Van / Insulated Van,2,,
201800913956,1,1,5JYLB523*8P******,2021-12-20 09:04:31,1,6,TRAILER,2290,PITTS ENTERPRISES INC,2831,PITTS TRAILERS,6775,Pitts Trailers,2008,,,6,UNITED STATES (USA),ALABAMA,PITTSVIEW,,,61,Trailer,,,,,11,Lowboy/Low bed Trailer,,,,Trailer Capacity: 52 tons,3,,
201800918548,1,1,1P9CD382*KN343***,2021-12-20 09:04:31,0,6,TRAILER,8027,"PRATT INDUSTRIES, LLC",3015,PRATT INDUSTRIES,7027,Pratt Industries,2019,,,6,UNITED STATES (USA),MICHIGAN,NILES,,,61,Trailer,,,,,9,Flatbed - Double Drop,,,38.000,Type: Semitrailer,2,,
201800920162,2,1,48X6F352*E1******,2021-12-20 09:04:31,0,6,TRAILER,10839,"TRAVIS BODY & TRAILER, INC.",3520,"TRAVIS BODY & TRAILER, INC.",7868,"TRAVIS BODY & TRAILER, INC.",2014,,,6,UNITED STATES (USA),TEXAS,HOUSTON,,,61,Trailer,,,,,45,Dolly,,,35.000,Tumer ARx43,2,,
201800924883,1,1,1DW1A532*YS******,2021-12-20 09:04:32,0,6,TRAILER,13506,"STOUGHTON TRAILERS, INC.",3414,STOUGHTON TRAILERS,7701,Stoughton trailers,2000,,,6,UNITED STATES (USA),WISCONSIN,STOUGHTON,"Stoughton Trailers, INC",,61,Trailer,,,,,36,Van Trailer,4,Straight Semi/Semi Trailer,53.000,,2,,
201800932897,1,1,4YMBU121*GM******,2021-12-20 09:04:32,0,6,TRAILER,13315,"CARRY-ON TRAILER, INC.",4933,CARRY-ON TRAILER,12040,Carry-On Trailer,2016,,,6,UNITED STATES (USA),IOWA,MISSOURI VALLEY,,,61,Trailer,,,,,32,Open Bed Trailer,1,Ball Type Pull,12.000,,1,,
201800932985,1,1,4ZEDT122*A1******,2021-12-20 09:04:32,0,6,TRAILER,3684,LOAD TRAIL LLC,2111,LOAD TRAIL,5874,Load Trail,2010,,,6,UNITED STATES (USA),TEXAS,SUMMER,,,61,Trailer,,,,,4,Dump Trailer/Dumping Trailer,,,12.000,,2,,
201800933541,2,1,3H3V485C*KT******,2021-12-20 09:04:32,1,6,TRAILER,14282,"HYUNDAI DE MEXICO, S.A. DE C.V.",4876,HYUNDAI TRANSLEAD TRAILERS,11496,Hyundai Translead Trailers,2019,,,12,MEXICO,BAJA CALIFORNIA,TIJUANA,,,61,Trailer,,,,,36,Van Trailer,,,48.000,Material: Aluminum/Steel,5,,
201800933732,1,1,1S9BS142*FW873***,2021-12-20 09:04:32,0,6,TRAILER,1395,"SHADOW TRAILERS, INC.",3283,SHADOW TRAILERS,7424,Shadow Trailers,2015,,,6,UNITED STATES (USA),FLORIDA,WILLISTON,,,61,Trailer,,,,,14,Horse Trailer,14,Bumper Pull,14.000,,2,,
201800935785,1,1,5GLBE182*8C******,2021-12-20 09:04:32,0,6,TRAILER,15975,G.T. EXPRESS ENTERPRISES. INC.,5570,EXPRESS TRAILERS INC,14388,Express Trailers Inc,2008,,,6,UNITED STATES (USA),FLORIDA,CLEARWATER,,,61,Trailer,,,,,5,Enclosed Trailer,14,Bumper Pull,18.000,,2,,
201800939232,1,1,1JJV352D*CL******,2021-12-20 09:04:32,0,6,TRAILER,14508,WABASH NATIONAL CORPORATION,4847,WABASH NATIONAL CORPORATION,10942,Dry Van Duraplate,2012,,,6,UNITED STATES (USA),INDIANA,LAFAYETTE,,,61,Trailer,,,,,36,Van Trailer,,,35.000,,2,,
201800939232,2,1,1JJV532D*EL******,2021-12-20 09:04:32,0,6,TRAILER,14508,WABASH NATIONAL CORPORATION,4847,WABASH NATIONAL CORPORATION,10942,Dry Van Duraplate,2014,,,6,UNITED STATES (USA),INDIANA,LAFAYETTE,,,61,Trailer,,,,,36,Van Trailer,,,53.000,,2,,
201800956548,2,1,4C9BU081*6M076***,2021-12-20 09:04:32,0,6,TRAILER,11361,CHANCE TRAILER MANUFACTURING & SALES,1830,CHANCE TRAILER MANUFACTURING & SALES,5314,Chance Trailer Manufacturing & Sales,2006,,,6,UNITED STATES (USA),TEXAS,MARSHALL,,,61,Trailer,,,,,16,Utility Trailer,1,Ball Type Pull,8.000,,1,,
201800960721,1,1,1MT2N532*HH******,2021-12-20 09:04:32,0,6,TRAILER,8092,MERRITT TRAILERS INC.,2353,MERRITT,29522,Merritt,2017,,,6,UNITED STATES (USA),COLORADO,HENDERSON,Merritt Equipment Co.,,61,Trailer,,,,,13,Livestock Trailer,4,Straight Semi/Semi Trailer,53.000,,2,,
201800961442,2,1,1E1H1X28*YR******,2021-12-20 09:04:32,0,6,TRAILER,5338,EAST MANUFACTURING CORP.,1334,EAST MANUFACTURING CORP.,4686,East Manufacturing Corp,2000,,,6,UNITED STATES (USA),OHIO,RANDOLPH,,,61,Trailer,9,"Class 8: 33,001 lb and above (14,969 kg and above)",,,6,Flat Bed Trailer/Platform Trailer,30,Other,46.000,Steel Frame,2,,
201800967365,1,1,1NPXD49X*HD******,2021-12-20 09:04:32,0,10,INCOMPLETE VEHICLE,1033,PETERBILT MOTORS COMPANY,495,PETERBILT,2794,389,2017,,,6,UNITED STATES (USA),TEXAS,DENTON,Peterbilt,,66,Truck-Tractor,9,"Class 8: 33,001 lb and above (14,969 kg and above)",,,0,Not Applicable,0,Not Applicable,,,,,
201800971277,2,1,1rnd53a2*jr******,2021-12-20 09:04:33,0,6,TRAILER,3579,"REITNOUER, INC.",5594,REITNOUER INC,14493,Reitnouer Inc Trailers,2018,,,6,UNITED STATES (USA),PENNSYLVANIA,READING,,,61,Trailer,9,"Class 8: 33,001 lb and above (14,969 kg and above)",,,61,Drop Deck Trailer,6,Kingpin,53.000,Airride,2,,
201800971985,1,1,3H3V532C*6T******,2021-12-20 09:04:33,0,6,TRAILER,14282,"HYUNDAI DE MEXICO, S.A. DE C.V.",4876,HYUNDAI TRANSLEAD TRAILERS,11496,Hyundai Translead Trailers,2006,,,12,MEXICO,BAJA CALIFORNIA,TIJUANA,,,61,Trailer,,,,,36,Van Trailer,,,53.000,Material: Aluminum/Steel,2,,
201800977147,2,1,3H3V532C*JT******,2021-12-20 09:04:33,0,6,TRAILER,14282,"HYUNDAI DE MEXICO, S.A. DE C.V.",4876,HYUNDAI TRANSLEAD TRAILERS,11496,Hyundai Translead Trailers,2018,,,12,MEXICO,BAJA CALIFORNIA,TIJUANA,,,61,Trailer,,,,,36,Van Trailer,,,53.000,Material: Aluminum/Steel,2,,
201800979082,2,1,4YMKK081*A1******,2021-12-20 09:04:33,0,6,TRAILER,13315,"CARRY-ON TRAILER, INC.",4933,CARRY-ON TRAILER,21268,Kit Trailer,2010,,,6,UNITED STATES (USA),GEORGIA,LAVONIA,,,61,Trailer,,,,,16,Utility Trailer,3,Gooseneck,8.000,,1,,
201800980019,1,1,5HTAB442*37******,2021-12-20 09:04:33,0,6,TRAILER,5564,"HEIL TRAILER INTERNATIONAL, CO",2365,"HEIL TRAILER INTERNATIONAL, CO.",6142,"Heil Trailer International, Co.",2003,,,6,UNITED STATES (USA),TENNESSEE,ATHENS,,Body Shape: Straight Elliptical,61,Trailer,,,,,15,Tank Trailer,,,44.000,AL 306/406,2,,
201800982355,1,1,1JJV532D*DL******,2021-12-20 09:04:33,0,6,TRAILER,14508,WABASH NATIONAL CORPORATION,4847,WABASH NATIONAL CORPORATION,10942,Dry Van Duraplate,2013,,,6,UNITED STATES (USA),INDIANA,LAFAYETTE,,,61,Trailer,,,,,36,Van Trailer,,,53.000,,2,,
201800982355,2,1,5HMXG403*J1******,2021-12-20 09:04:33,0,6,TRAILER,2297,PLATINUM MANUFACTURING LLC,7712,PLATINUM MANUFACTURING LLC,20716,Platinum Manufacturing LLC,2018,,,6,UNITED STATES (USA),OKLAHOMA,OKLAHOMA CITY,,,61,Trailer,,,,,,,3,Gooseneck,40.000,Trailer Type: Extruded Sides,3,,
201800982612,2,1,1JJV532D*JL******,2021-12-20 09:04:33,0,6,TRAILER,14508,WABASH NATIONAL CORPORATION,4847,WABASH NATIONAL CORPORATION,10942,Dry Van Duraplate,2018,,,6,UNITED STATES (USA),INDIANA,LAFAYETTE,,,61,Trailer,,,,,36,Van Trailer,,,53.000,,2,,
201800984790,1,1,13N24820*D1******,2021-12-20 09:04:33,0,6,TRAILER,12268,FONTAINE COMMERCIAL PLATFORM,1128,FONTAINE TRAILER CO.,4416,Fontaine Trailer Co.,2013,,,6,UNITED STATES (USA),ALABAMA,HALEYVILLE,,Optional Features: None,61,Trailer,,,,,61,Drop Deck Trailer,,,48.000,,2,,
201800984844,1,1,1JJV532B*GL******,2021-12-20 09:04:33,0,6,TRAILER,14508,WABASH NATIONAL CORPORATION,4847,WABASH NATIONAL CORPORATION,10945,Refrigerated Van,2016,,,6,UNITED STATES (USA),INDIANA,LAFAYETTE,,,61,Trailer,,,,,36,Van Trailer,,,53.000,,2,,
201800989247,2,1,1JJV532D*FL******,2021-12-20 09:04:33,0,6,TRAILER,14508,WABASH NATIONAL CORPORATION,4847,WABASH NATIONAL CORPORATION,10942,Dry Van Duraplate,2015,,,6,UNITED STATES (USA),INDIANA,LAFAYETTE,,,61,Trailer,,,,,36,Van Trailer,,,53.000,,2,,
201800989281,1,1,4KNTT142*8L******,2021-12-20 09:04:33,0,6,TRAILER,16566,"MONROE TOWMASTER, LLC",9174,TOWMASTER INC.,23410,Towmaster Inc.,2008,Towmaster,,6,UNITED STATES (USA),MINNESOTA,LITCHFIELD,,,61,Trailer,,,,,76,Tilt/Angled Trailer,,,14.000,,2,,
201800989311,1,1,1UYVS253*6U******,2021-12-20 09:04:33,0,6,TRAILER,10289,UTILITY TRAILER MANUFACTURING COMPANY,10138,UTILITY TRAILER MANUFACTURER,26222,Utility Trailer Manufacturer,2006,,,6,UNITED STATES (USA),UTAH,CLEARFIELD,,,61,Trailer,,,,,36,Van Trailer,4,Straight Semi/Semi Trailer,53.000,,2,,
201800989337,1,1,5MC12531*J3******,2021-12-20 09:04:33,0,6,TRAILER,5772,"MANAC TRAILERS USA, INC.",3896,MANAC TRAILERS USA,8528,Manac,2018,,,6,UNITED STATES (USA),MISSOURI,ORAN,"Manac Trailers USA, Inc.",,61,Trailer,,,,,6,Flat Bed Trailer/Platform Trailer,4,Straight Semi/Semi Trailer,53.000,Platform,2,,
201800990547,1,1,1KB311J2*1E******,2021-12-20 09:04:33,0,6,TRAILER,5156,HOLIDAY RAMBLE CORPORATION,2453,HOLIDAY RAMBLER,6265,Holiday Rambler,2001,Presidential,,6,UNITED STATES (USA),INDIANA,ELKHART,Plant 3,,61,Trailer,,,,,80,Rec. Trailer,5,Fifth Wheel,30.000,Body Type: Recreational Vehicle,2,,
201801005199,1,1,1RNF48A2*1R******,2021-12-20 09:04:34,0,6,TRAILER,3579,"REITNOUER, INC.",5594,REITNOUER INC,14493,Reitnouer Inc Trailers,2001,,,6,UNITED STATES (USA),PENNSYLVANIA,READING,,,61,Trailer,9,"Class 8: 33,001 lb and above (14,969 kg and above)",,,6,Flat Bed Trailer/Platform Trailer,6,Kingpin,48.000,Airride,2,,
201801012239,2,1,50HDT122*H1******,2021-12-20 09:04:34,0,6,TRAILER,13594,NORSTAR TRAILERS,4581,NORSTAR TRAILERS,9743,Norstar Trailers,2017,,,6,UNITED STATES (USA),TEXAS,BROOKSTON,Norstar Trailers,,61,Trailer,,,,,4,Dump Trailer/Dumping Trailer,,,12.000,,2,,
201801012793,1,1,17XFG402*A1******,2021-12-20 09:04:34,0,6,TRAILER,3035,DOUG BRAGG INC.DBA TEXAS BRAGG ENTERPRISES,8265,TEXAS BRAGG ENTERPRISES,22008,Texas Bragg Enterprises,2010,Gooseneck,,6,UNITED STATES (USA),TEXAS,MOUNT PLESANT,,,61,Trailer,,,,,6,Flat Bed Trailer/Platform Trailer,,,40.000,,2,,
201801012975,1,1,1JJV532W*1L******,2021-12-20 09:04:34,0,6,TRAILER,14508,WABASH NATIONAL CORPORATION,4847,WABASH NATIONAL CORPORATION,13327,Wabash National Corporation,2001,,,6,UNITED STATES (USA),INDIANA,LAFAYETTE,,,61,Trailer,,,,,36,Van Trailer,,,53.000,,2,,
201801016309,2,1,1GC1CUEG*FF******,2021-12-20 09:04:34,0,3,TRUCK,984,GENERAL MOTORS LLC,467,CHEVROLET,1850,Silverado,2015,2500 Work Truck/Fleet/Base,,6,UNITED STATES (USA),MICHIGAN,FLINT,GMNA,Engines listed as flexible fuel do not necessarily mean the vehicle is equipped for flexible fuel.,60,Pickup,17,"Class 2H: 9,001 - 10,000 lb (4,082 - 4,536 kg)",,,0,Not Applicable,0,Not Applicable,,,,,
201801017402,2,1,5NHUVS21*4W******,2021-12-20 09:04:34,0,6,TRAILER,1084,"FOREST RIVER, INC.",531,FOREST RIVER,2450,Value-Sport,2004,,,6,UNITED STATES (USA),INDIANA,BRISTOL,,Address: 17645 Commerce Dr.,61,Trailer,,,,,16,Utility Trailer,,,12.000,,1,,
201801017790,2,1,1GRDM932*CH******,2021-12-20 09:04:34,0,6,TRAILER,1073,GREAT DANE TRAILERS,520,GREAT DANE TRAILERS,13436,Great Dane Trailers,2012,,,6,UNITED STATES (USA),TENNESSEE,HUNTSVILLE,,,61,Trailer,,,,,,,4,Straight Semi/Semi Trailer,46.500,Platform,2,,
201801018333,2,1,4A0DA242*61******,2021-12-20 09:04:34,0,6,TRAILER,4507,NEAL MANUFACTURING COMPANY INC,2645,NEAL MANUFACTURING,6498,Neal Manufacturing,2006,,,6,UNITED STATES (USA),KANSAS,PLEASANTON,,,61,Trailer,,,,,16,Utility Trailer,3,Gooseneck,24.000,Channel Iron/ I-Beam,2,,
201801020045,1,1,1FUJGLD5*GL******,2021-12-20 09:04:34,0,3,TRUCK,1024,DAIMLER TRUCKS NORTH AMERICA LLC,450,FREIGHTLINER,2501,Cascadia,2016,,"125"" sleepercab",6,UNITED STATES (USA),NORTH CAROLINA,CLEVELAND,,,66,Truck-Tractor,9,"Class 8: 33,001 lb and above (14,969 kg and above)",,,0,Not Applicable,0,Not Applicable,,,,,
201801021888,1,1,1W9AC452*5P347***,2021-12-20 09:04:34,1,6,TRAILER,10331,WARREN EQUIPMENT INC.,8661,"WARREN EQUIPMENT, INC.",22712,"Warren Equipment, Inc.",2005,,,6,UNITED STATES (USA),FLORIDA,PLANT CITY,,,61,Trailer,,,,,4,Dump Trailer/Dumping Trailer,4,Straight Semi/Semi Trailer,,Tandem Axle Dual Tires,,,
201801026623,1,1,50XBE142*GA******,2021-12-20 09:04:34,0,6,TRAILER,14146,"SPARTAN CARGO TRAILERS, LLC",4768,SPARTAN CARGO TRAILERS,10465,Spartan Crago Trailers,2016,,,6,UNITED STATES (USA),GEORGIA,ALMA,,,61,Trailer,,,,,5,Enclosed Trailer,1,Ball Type Pull,14.000,,,3,Tandem
201801028868,3,1,1UYVS253*6M******,2021-12-20 09:04:34,0,6,TRAILER,10289,UTILITY TRAILER MANUFACTURING COMPANY,10138,UTILITY TRAILER MANUFACTURER,26222,Utility Trailer Manufacturer,2006,,,6,UNITED STATES (USA),VIRGINIA,MARION,,,61,Trailer,,,,,36,Van Trailer,4,Straight Semi/Semi Trailer,53.000,,2,,
201801029343,1,1,1JJV532D*FL******,2021-12-20 09:04:35,0,6,TRAILER,14508,WABASH NATIONAL CORPORATION,4847,WABASH NATIONAL CORPORATION,10942,Dry Van Duraplate,2015,,,6,UNITED STATES (USA),INDIANA,LAFAYETTE,,,61,Trailer,,,,,36,Van Trailer,,,53.000,,2,,
201801040552,1,1,1GRAA062*4T******,2021-12-20 09:04:35,0,6,TRAILER,1073,GREAT DANE TRAILERS,520,GREAT DANE TRAILERS,13436,Great Dane Trailers,2004,,,6,UNITED STATES (USA),INDIANA,TERRE HAUTE,,Effective 03/01/00,61,Trailer,,,,,36,Van Trailer,4,Straight Semi/Semi Trailer,53.000,Trailer Type = Dry Freight/ Reefer/ Insulated Van,2,,
201801050145,1,1,1UYVS253*EM******,2021-12-20 09:04:35,0,6,TRAILER,10289,UTILITY TRAILER MANUFACTURING COMPANY,10138,UTILITY TRAILER MANUFACTURER,26222,Utility Trailer Manufacturer,2014,,,6,UNITED STATES (USA),VIRGINIA,MARION,,,61,Trailer,,,,,36,Van Trailer,4,Straight Semi/Semi Trailer,53.000,,2,,
201801063622,2,1,3H3V532C*ET******,2021-12-20 09:04:35,0,6,TRAILER,14282,"HYUNDAI DE MEXICO, S.A. DE C.V.",4876,HYUNDAI TRANSLEAD TRAILERS,11496,Hyundai Translead Trailers,2014,,,12,MEXICO,BAJA CALIFORNIA,TIJUANA,,,61,Trailer,,,,,36,Van Trailer,,,53.000,Material: Aluminum/Steel,2,,
201801064757,1,1,1E9T4320*WE007***,2021-12-20 09:04:35,0,6,TRAILER,12434,E.D. ETNYRE & CO.,9133,ETNYRE,23367,Etnyre,1998,,,6,UNITED STATES (USA),ILLINOIS,OREGON,,,61,Trailer,,,,,15,Tank Trailer,,,43.000,,2,,
201801065948,2,1,4LYBA202*DH******,2021-12-20 09:04:35,1,6,TRAILER,8309,"MCCLAIN TRAILERS, INC",4251,"MCCLAIN TRAILERS, INC",9032,"McClain Trailers, Inc",2013,,,6,UNITED STATES (USA),TEXAS,HOUSTON,,,61,Trailer,,,,,2,Boat Trailer,1,Ball Type Pull,20.000,Aluminum Boat Trailer,2,,
201801074982,2,1,1VR2161V*E1******,2021-12-20 09:04:35,0,6,TRAILER,10796,VERMEER MANUFACTURING COMPANY,3374,VERMEER,29525,BC1500,2014,,,6,UNITED STATES (USA),IOWA,PELLA,Vermeer Freeman Manufacturing Company,,61,Trailer,,,,,,,,,16.000,Body Type - Brush Chipper,1,,
201801076076,2,1,1UYVS248*J2******,2021-12-20 09:04:35,0,6,TRAILER,10289,UTILITY TRAILER MANUFACTURING COMPANY,10138,UTILITY TRAILER MANUFACTURER,26222,Utility Trailer Manufacturer,2018,,,6,UNITED STATES (USA),UTAH,CLEARFIELD,,,61,Trailer,,,,,36,Van Trailer,4,Straight Semi/Semi Trailer,48.000,,2,,
201801080684,1,1,1UYVS253*YP******,2021-12-20 09:04:35,0,6,TRAILER,10289,UTILITY TRAILER MANUFACTURING COMPANY,10138,UTILITY TRAILER MANUFACTURER,26222,Utility Trailer Manufacturer,2000,,,6,UNITED STATES (USA),ARKANSAS,PARAGOULD,,,61,Trailer,,,,,36,Van Trailer,4,Straight Semi/Semi Trailer,53.000,,2,,
201801081808,1,1,1E1D1Y28*YR******,2021-12-20 09:04:35,0,6,TRAILER,5338,EAST MANUFACTURING CORP.,1334,EAST MANUFACTURING CORP.,4686,East Manufacturing Corp,2000,,,6,UNITED STATES (USA),OHIO,RANDOLPH,,,61,Trailer,9,"Class 8: 33,001 lb and above (14,969 kg and above)",,,4,Dump Trailer/Dumping Trailer,30,Other,48.000,Steel Frame,2,,
201801091114,1,1,591SD342*GR******,2021-12-20 09:04:36,0,6,TRAILER,7719,"DRAGON ESP, LTD",1415,DRAGON ESP,4763,Dragon ESP,2016,,,6,UNITED STATES (USA),COLORADO,LAMAR,,,61,Trailer,,,,,4,Dump Trailer/Dumping Trailer,4,Straight Semi/Semi Trailer,34.000,,2,,
201801096554,2,1,1GRDM962*VM******,2021-12-20 09:04:36,0,6,TRAILER,1073,GREAT DANE TRAILERS,520,GREAT DANE TRAILERS,13436,Great Dane Trailers,1997,,,6,UNITED STATES (USA),TENNESSEE,MEMPHIS,,,61,Trailer,,,,,6,Flat Bed Trailer/Platform Trailer,4,Straight Semi/Semi Trailer,48.000,Body Type = Straight Deck/ Extendable,2,,
201801099980,1,1,1GRAA062*EK******,2021-12-20 09:04:36,0,6,TRAILER,1073,GREAT DANE TRAILERS,520,GREAT DANE TRAILERS,13436,Great Dane Trailers,2014,,,6,UNITED STATES (USA),ILLINOIS,KEWANEE,,,61,Trailer,,,,,,,4,Straight Semi/Semi Trailer,53.000,Dry Freight Van / Reefer Van / Insulated Van,2,,
201801109602,1,1,1UYVS253*8G******,2021-12-20 09:04:36,0,6,TRAILER,10289,UTILITY TRAILER MANUFACTURING COMPANY,10138,UTILITY TRAILER MANUFACTURER,26222,Utility Trailer Manufacturer,2008,,,6,UNITED STATES (USA),VIRGINIA,GLADE SPRING,,,61,Trailer,,,,,36,Van Trailer,4,Straight Semi/Semi Trailer,53.000,,2,,
201801112009,2,1,1GRAA962*DW******,2021-12-20 09:04:36,0,6,TRAILER,1073,GREAT DANE TRAILERS,520,GREAT DANE TRAILERS,13436,Great Dane Trailers,2013,,,6,UNITED STATES (USA),NEBRASKA,WAYNE,,,61,Trailer,,,,,,,4,Straight Semi/Semi Trailer,48.000,Dry Freight Van / Reefer Van / Insulated Van,2,,
201801113443,1,1,1RNF48A2*7R******,2021-12-20 09:04:36,0,6,TRAILER,3579,"REITNOUER, INC.",5594,REITNOUER INC,14493,Reitnouer Inc Trailers,2007,,,6,UNITED STATES (USA),PENNSYLVANIA,READING,,,61,Trailer,9,"Class 8: 33,001 lb and above (14,969 kg and above)",,,6,Flat Bed Trailer/Platform Trailer,6,Kingpin,48.000,Airride,2,,
201801118533,1,1,1CD2L452*GA******,2021-12-20 09:04:36,1,6,TRAILER,1622,"CLARK TRAILER SERVICE, INC.",1676,CLARK TRAILER SERVICE,5086,CLARK TRAILER SERVICE,2016,,,6,UNITED STATES (USA),ALABAMA,ANDALUSIA,,,61,Trailer,,,,,,,4,Straight Semi/Semi Trailer,45.000,Unit Line-Semi Trailer w/ weld-in stationary kingpin connector,2,,
201801119582,1,1,4VNGB934*EM******,2021-12-20 09:04:36,0,6,TRAILER,11395,"CROWLEY MANUFACTURING, INC.",4015,SURERIDE TRAILER MANUFACTURING,8683,Sureride Trailer Manufacturing,2014,,,6,UNITED STATES (USA),MISSOURI,MATHISTON/MABEN,,,61,Trailer,,,,,2,Boat Trailer,3,Gooseneck,93.000,,4,,
201801119851,2,1,1UYVS253*9U******,2021-12-20 09:04:36,0,6,TRAILER,10289,UTILITY TRAILER MANUFACTURING COMPANY,10138,UTILITY TRAILER MANUFACTURER,26222,Utility Trailer Manufacturer,2009,,,6,UNITED STATES (USA),UTAH,CLEARFIELD,,,61,Trailer,,,,,36,Van Trailer,4,Straight Semi/Semi Trailer,53.000,,2,,
201801119925,3,1,5HTSN452*B7******,2021-12-20 09:04:36,0,6,TRAILER,5564,"HEIL TRAILER INTERNATIONAL, CO",2365,"HEIL TRAILER INTERNATIONAL, CO.",6142,"Heil Trailer International, Co.",2011,,,6,UNITED STATES (USA),TENNESSEE,ATHENS,,Body Shape: Jet,61,Trailer,,,,,103,Bulk,,,45.000,Al Pneumatic,2,,
201801119938,2,1,5HTSN422*F7******,2021-12-20 09:04:36,0,6,TRAILER,5564,"HEIL TRAILER INTERNATIONAL, CO",2365,"HEIL TRAILER INTERNATIONAL, CO.",6142,"Heil Trailer International, Co.",2015,,,6,UNITED STATES (USA),TENNESSEE,ATHENS,,,61,Trailer,,,,,15,Tank Trailer,4,Straight Semi/Semi Trailer,42.000,AL NON SPEC.,2,,
201801126167,1,1,1JJV532W*6L******,2021-12-20 09:04:37,0,6,TRAILER,14508,WABASH NATIONAL CORPORATION,4847,WABASH NATIONAL CORPORATION,13327,Wabash National Corporation,2006,,,6,UNITED STATES (USA),INDIANA,LAFAYETTE,,,61,Trailer,,,,,36,Van Trailer,,,53.000,,2,,
201801126167,2,1,1UYVS253*6M******,2021-12-20 09:04:37,0,6,TRAILER,10289,UTILITY TRAILER MANUFACTURING COMPANY,10138,UTILITY TRAILER MANUFACTURER,26222,Utility Trailer Manufacturer,2006,,,6,UNITED STATES (USA),VIRGINIA,MARION,,,61,Trailer,,,,,36,Van Trailer,4,Straight Semi/Semi Trailer,53.000,,2,,
201801126524,1,1,3H3V532C*GT******,2021-12-20 09:04:37,0,6,TRAILER,14282,"HYUNDAI DE MEXICO, S.A. DE C.V.",4876,HYUNDAI TRANSLEAD TRAILERS,11496,Hyundai Translead Trailers,2016,,,12,MEXICO,BAJA CALIFORNIA,TIJUANA,,,61,Trailer,,,,,36,Van Trailer,,,53.000,Material: Aluminum/Steel,2,,
201801127772,2,1,1PMS1422*W1******,2021-12-20 09:04:37,0,6,TRAILER,6179,"POLAR TANK TRAILER, LLC",2921,POLAR TANK TRAILER,6874,Polar Tank Trailer,1998,,,6,UNITED STATES (USA),MINNESOTA,OPOLE,,,61,Trailer,,,,,15,Tank Trailer,,,42.000,Vessel Code: Non-Code,2,,
201801131771,1,1,1E1U2Y28*GR******,2021-12-20 09:04:37,0,6,TRAILER,5338,EAST MANUFACTURING CORP.,1334,EAST MANUFACTURING CORP.,4686,East Manufacturing Corp,2016,,,,,OHIO,RANDOLPH,,,61,Trailer,9,"Class 8: 33,001 lb and above (14,969 kg and above)",,,,,30,Other,48.000,Unloader Trailer,2,,
201801133382,2,1,1PMA2442*D5******,2021-12-20 09:04:37,0,6,TRAILER,6179,"POLAR TANK TRAILER, LLC",2921,POLAR TANK TRAILER,6874,Polar Tank Trailer,2013,,,6,UNITED STATES (USA),MISSOURI,SPRINGFIELD,,,61,Trailer,,,,,15,Tank Trailer,30,Other,44.000,Vessel Code: DOT 406,2,,
201801136350,1,1,1GR1P062*JJ******,2021-12-20 09:04:37,0,6,TRAILER,1073,GREAT DANE TRAILERS,520,GREAT DANE TRAILERS,13436,Great Dane Trailers,2018,,,6,UNITED STATES (USA),ARKANSAS,JONESBORO,,,61,Trailer,,,,,,,6,Kingpin,53.000,"Semitrailer - dry freight, reefer, or insulated van",2,,
201801136350,2,1,4D6EB162*JC******,2021-12-20 09:04:37,0,6,TRAILER,4540,"CARGO CRAFT ,INC.",6806,"CARGO CRAFT ,INC.",18250,"CARGO CRAFT ,INC.",2018,,,6,UNITED STATES (USA),GEORGIA,CORSICANA,,,61,Trailer,,,,,5,Enclosed Trailer,14,Bumper Pull,16.000,,2,,
201801136779,2,1,1S12E848*1E******,2021-12-20 09:04:37,0,6,TRAILER,14956,"STRICK TRAILERS, LLC",4977,STRICK COMMERCIAL TRAILER,12175,Model 80,2001,Smooth Side,,6,UNITED STATES (USA),,MONROE,,,61,Trailer,,,,,,,4,Straight Semi/Semi Trailer,48.000,Dry Freight Van,2,3,Tandem
201801141104,1,1,5WFBU182*HB******,2021-12-20 09:04:37,0,6,TRAILER,11136,ALCOM HOLDING COMPANY LLC,1296,ALCOM LLC,4626,Alcom LLC,2017,,,6,UNITED STATES (USA),MONTANA,BONNER,,,61,Trailer,,,,,16,Utility Trailer,1,Ball Type Pull,18.000,,2,,
201801144070,2,1,1LH930VH*J1******,2021-12-20 09:04:38,0,6,TRAILER,3729,"LANDOLL COMPANY, LLC",2123,LANDOLL CORPORATION,24427,930,2018,,,6,UNITED STATES (USA),KANSAS,MARYSVILLE,,Dual Wheels,61,Trailer,9,"Class 8: 33,001 lb and above (14,969 kg and above)",,,,,5,Fifth Wheel,,"Single drop bed, four beam construction, hydraulic slider tandem axles (25,999 lb capacity) with anti-lock brakes, to lower traveling tail. GVWR 86,300 pounds (39,146 kg)",,3,Tandem
201801152966,1,1,4MNFG222*61******,2021-12-20 09:04:38,1,6,TRAILER,17939,BETTER BUILT TRAILERS,6910,BETTER BUILT TRAILERS,18439,BETTER BUILT TRAILERS,2006,,,6,UNITED STATES (USA),ALABAMA,DOUBLE SPRINGS,,,61,Trailer,,,,,,,,,22.000,,2,,
201801155602,1,1,3H3C412S*YT******,2021-12-20 09:04:38,0,6,TRAILER,14282,"HYUNDAI DE MEXICO, S.A. DE C.V.",4876,HYUNDAI TRANSLEAD TRAILERS,11496,Hyundai Translead Trailers,2000,,,12,MEXICO,BAJA CALIFORNIA,TIJUANA,,,61,Trailer,,,,,109,Container Chassis/Container Trailer,,,41.000,Material: Steel,2,,
201801155602,3,1,1BN2P251*2K******,2021-12-20 09:04:38,0,6,TRAILER,4571,BEALL TRAILERS,4862,BEALL TRAILERS,11201,Beall Trailers,2002,,,6,UNITED STATES (USA),WASHINGTON,KENT,,,61,Trailer,,,,,4,Dump Trailer/Dumping Trailer,4,Straight Semi/Semi Trailer,25.000,,1,,
201801157863,2,1,1JK0DT20*PA******,2021-12-20 09:04:38,0,6,TRAILER,11399,"INTERSTATE TRAILERS, INC.",8149,"INTERSTATE TRAILERS, INC.",21789,"Interstate Trailers, Inc.",1993,,,6,UNITED STATES (USA),TEXAS,ARLINGTON,,,61,Trailer,7,"Class 6: 19,501 - 26,000 lb (8,845 - 11,794 kg)",,,6,Flat Bed Trailer/Platform Trailer,2,Pintle Hitch/Hook,24.000,,2,,
201801161373,3,1,1JJV532D*CL******,2021-12-20 09:04:38,0,6,TRAILER,14508,WABASH NATIONAL CORPORATION,4847,WABASH NATIONAL CORPORATION,10942,Dry Van Duraplate,2012,,,6,UNITED STATES (USA),INDIANA,LAFAYETTE,,,61,Trailer,,,,,36,Van Trailer,,,53.000,,2,,
201801162317,1,1,1JJV482D*EL******,2021-12-20 09:04:38,0,6,TRAILER,14508,WABASH NATIONAL CORPORATION,4847,WABASH NATIONAL CORPORATION,10942,Dry Van Duraplate,2014,,,6,UNITED STATES (USA),INDIANA,LAFAYETTE,,,61,Trailer,,,,,36,Van Trailer,,,48.000,,2,,
201801172239,1,1,1BN2B503*BK******,2021-12-20 09:04:38,0,6,TRAILER,4571,BEALL TRAILERS,4862,BEALL TRAILERS,11201,Beall Trailers,2011,,,6,UNITED STATES (USA),WASHINGTON,KENT,,,61,Trailer,,,,,103,Bulk,4,Straight Semi/Semi Trailer,50.000,,3,,
201801172846,3,1,13N15320*K1******,2021-12-20 09:04:38,0,6,TRAILER,12268,FONTAINE COMMERCIAL PLATFORM,1128,FONTAINE TRAILER CO.,4416,Fontaine Trailer Co.,2019,,,6,UNITED STATES (USA),ALABAMA,HALEYVILLE,,Optional Features: None,61,Trailer,,,,,6,Flat Bed Trailer/Platform Trailer,,,53.000,,2,,
201801173702,1,1,5MAMN482*CC******,2021-12-20 09:04:38,0,6,TRAILER,5950,"MAC TRAILER MFG, INC.",6826,MAC TRAILER MANUFACTURING,18288,MAC TRAILER MANUFACTURING,2012,,,6,UNITED STATES (USA),OHIO,ALLIANCE,,Commerce Street,61,Trailer,,,,,101,Other,,,48.000,No Frame,2,,
201801177554,1,1,4J8T0432*KT******,2021-12-20 09:04:38,0,6,TRAILER,2695,"LBT, INC.",7990,LBT INC,21385,LBT INC TRAILER,2019,,,6,UNITED STATES (USA),NEBRASKA,OMAHA,,,61,Trailer,,,,,15,Tank Trailer,,,43.000,,2,,
201801178977,1,1,1DW1A532*6S******,2021-12-20 09:04:38,0,6,TRAILER,13506,"STOUGHTON TRAILERS, INC.",3414,STOUGHTON TRAILERS,7701,Stoughton trailers,2006,,,6,UNITED STATES (USA),WISCONSIN,STOUGHTON,"Stoughton Trailers, INC",,61,Trailer,,,,,36,Van Trailer,4,Straight Semi/Semi Trailer,53.000,,2,,
201801179820,1,1,13N14830*11******,2021-12-20 09:04:38,0,6,TRAILER,12268,FONTAINE COMMERCIAL PLATFORM,1128,FONTAINE TRAILER CO.,4416,Fontaine Trailer Co.,2001,,,6,UNITED STATES (USA),ALABAMA,HALEYVILLE,,,61,Trailer,,,,,6,Flat Bed Trailer/Platform Trailer,,,48.000,"Tandem Axles, Spread",2,,
201801183266,1,1,56JTE081*EA******,2021-12-20 09:04:38,0,6,TRAILER,12137,"UNITED TRAILERS, LLC",3658,UNITED TRAILERS,8047,United Trailers,2014,,,6,UNITED STATES (USA),INDIANA,BRISTOL,,,61,Trailer,,,,,5,Enclosed Trailer,1,Ball Type Pull,8.000,,1,,
201801186492,1,1,LJRC5426*H1******,2021-12-20 09:04:38,0,6,TRAILER,9950,"CIMC VEHICLES GROUP CO., LTD.",4101,CIMC VEHICLES GROUP CO,8811,CIMC VEHICLES GROUP CO,2017,,,8,CHINA,,SHENZHEN,,"GVWR = 30,000-34,990kg",61,Trailer,9,"Class 8: 33,001 lb and above (14,969 kg and above)",,,109,Container Chassis/Container Trailer,,,54.000,,2,,
201801187895,5,1,1JJV532W*7L******,2021-12-20 09:04:39,0,6,TRAILER,14508,WABASH NATIONAL CORPORATION,4847,WABASH NATIONAL CORPORATION,13327,Wabash National Corporation,2007,,,6,UNITED STATES (USA),INDIANA,LAFAYETTE,,,61,Trailer,,,,,36,Van Trailer,,,53.000,,2,,
201801198038,2,1,1JJV281W*5L******,2021-12-20 09:04:39,0,6,TRAILER,14508,WABASH NATIONAL CORPORATION,4847,WABASH NATIONAL CORPORATION,13327,Wabash National Corporation,2005,,,6,UNITED STATES (USA),INDIANA,LAFAYETTE,,,61,Trailer,,,,,36,Van Trailer,,,28.000,,1,,
201801198038,2,2,1GRAP561*EK******,2021-12-20 09:04:39,0,6,TRAILER,1073,GREAT DANE TRAILERS,520,GREAT DANE TRAILERS,13436,Great Dane Trailers,2014,,,6,UNITED STATES (USA),ILLINOIS,KEWANEE,,,61,Trailer,,,,,,,4,Straight Semi/Semi Trailer,28.000,Dry Freight Van / Reefer Van / Insulated Van,1,,
201801199409,1,1,5ZT3CHYB*CA******,2021-12-20 09:04:39,0,6,TRAILER,1084,"FOREST RIVER, INC.",531,FOREST RIVER,2956,Chaparral,2012,,,6,UNITED STATES (USA),INDIANA,MIDDLEBURY,,Address: 423 N . Main St.,61,Trailer,,,,,26,Fifth Wheel,,,33.000,,,3,Tandem
201801224175,1,1,1UYVS253*FP******,2021-12-20 09:04:39,0,6,TRAILER,10289,UTILITY TRAILER MANUFACTURING COMPANY,10138,UTILITY TRAILER MANUFACTURER,26222,Utility Trailer Manufacturer,2015,,,6,UNITED STATES (USA),ARKANSAS,PARAGOULD,,,61,Trailer,,,,,36,Van Trailer,4,Straight Semi/Semi Trailer,53.000,,2,,
201801294503,1,1,1DW1A532*6S******,2021-12-20 09:04:39,1,6,TRAILER,13506,"STOUGHTON TRAILERS, INC.",3414,STOUGHTON TRAILERS,7701,Stoughton trailers,2006,,,6,UNITED STATES (USA),WISCONSIN,STOUGHTON,"Stoughton Trailers, INC",,61,Trailer,,,,,36,Van Trailer,4,Straight Semi/Semi Trailer,53.000,,2,,
